/accountId,/gameId,/role,/season,/platformId,/champion,/queue,/lane,/timestamp
"20VITQtkdhDPhj4phneOY0NWmpYHQWh-wVwzJeS-OIPXrrU",4.452143678E9,"DUO_SUPPORT",13.0,"EUW1",246.0,420.0,"NONE",1.584109496634E12
"20VITQtkdhDPhj4phneOY0NWmpYHQWh-wVwzJeS-OIPXrrU",4.452150484E9,"DUO_SUPPORT",13.0,"EUW1",69.0,420.0,"NONE",1.584108233062E12
"20VITQtkdhDPhj4phneOY0NWmpYHQWh-wVwzJeS-OIPXrrU",4.452061441E9,"DUO_CARRY",13.0,"EUW1",268.0,420.0,"MID",1.584103969425E12
"20VITQtkdhDPhj4phneOY0NWmpYHQWh-wVwzJeS-OIPXrrU",4.451937377E9,"DUO_CARRY",13.0,"EUW1",7.0,420.0,"MID",1.584101774518E12
"20VITQtkdhDPhj4phneOY0NWmpYHQWh-wVwzJeS-OIPXrrU",4.450001812E9,"DUO",13.0,"EUW1",39.0,420.0,"NONE",1.583967241966E12
"20VITQtkdhDPhj4phneOY0NWmpYHQWh-wVwzJeS-OIPXrrU",4.449888923E9,"DUO_SUPPORT",13.0,"EUW1",131.0,420.0,"NONE",1.583965982135E12
"20VITQtkdhDPhj4phneOY0NWmpYHQWh-wVwzJeS-OIPXrrU",4.449853081E9,"SOLO",13.0,"EUW1",246.0,420.0,"MID",1.58396352015E12
"20VITQtkdhDPhj4phneOY0NWmpYHQWh-wVwzJeS-OIPXrrU",4.449815427E9,"DUO",13.0,"EUW1",246.0,420.0,"MID",1.583960799839E12
"20VITQtkdhDPhj4phneOY0NWmpYHQWh-wVwzJeS-OIPXrrU",4.449180435E9,"SOLO",13.0,"EUW1",246.0,420.0,"MID",1.583935602568E12
"20VITQtkdhDPhj4phneOY0NWmpYHQWh-wVwzJeS-OIPXrrU",4.449050455E9,"SOLO",13.0,"EUW1",134.0,420.0,"MID",1.583929835199E12
"20VITQtkdhDPhj4phneOY0NWmpYHQWh-wVwzJeS-OIPXrrU",4.449081614E9,"SOLO",13.0,"EUW1",246.0,420.0,"MID",1.583923097605E12
"20VITQtkdhDPhj4phneOY0NWmpYHQWh-wVwzJeS-OIPXrrU",4.448719996E9,"DUO_SUPPORT",13.0,"EUW1",134.0,420.0,"NONE",1.583921570248E12
"20VITQtkdhDPhj4phneOY0NWmpYHQWh-wVwzJeS-OIPXrrU",4.448381257E9,"DUO",13.0,"EUW1",134.0,420.0,"MID",1.583877841656E12
"20VITQtkdhDPhj4phneOY0NWmpYHQWh-wVwzJeS-OIPXrrU",4.448316189E9,"SOLO",13.0,"EUW1",517.0,420.0,"MID",1.583876180142E12
"20VITQtkdhDPhj4phneOY0NWmpYHQWh-wVwzJeS-OIPXrrU",4.447867528E9,"SOLO",13.0,"EUW1",246.0,420.0,"MID",1.583859203724E12
"20VITQtkdhDPhj4phneOY0NWmpYHQWh-wVwzJeS-OIPXrrU",4.447620734E9,"DUO",13.0,"EUW1",134.0,420.0,"NONE",1.583845683338E12
"20VITQtkdhDPhj4phneOY0NWmpYHQWh-wVwzJeS-OIPXrrU",4.447592869E9,"SOLO",13.0,"EUW1",134.0,420.0,"MID",1.583840844782E12
"20VITQtkdhDPhj4phneOY0NWmpYHQWh-wVwzJeS-OIPXrrU",4.447469675E9,"SOLO",13.0,"EUW1",69.0,420.0,"MID",1.583837301458E12
"20VITQtkdhDPhj4phneOY0NWmpYHQWh-wVwzJeS-OIPXrrU",4.447428275E9,"DUO",13.0,"EUW1",7.0,420.0,"MID",1.583835358286E12
"20VITQtkdhDPhj4phneOY0NWmpYHQWh-wVwzJeS-OIPXrrU",4.447494376E9,"SOLO",13.0,"EUW1",517.0,420.0,"MID",1.58383248286E12
"20VITQtkdhDPhj4phneOY0NWmpYHQWh-wVwzJeS-OIPXrrU",4.447492857E9,"DUO",13.0,"EUW1",39.0,420.0,"TOP",1.583830387897E12
"20VITQtkdhDPhj4phneOY0NWmpYHQWh-wVwzJeS-OIPXrrU",4.447069199E9,"DUO",13.0,"EUW1",69.0,420.0,"MID",1.583789859285E12
"20VITQtkdhDPhj4phneOY0NWmpYHQWh-wVwzJeS-OIPXrrU",4.447101177E9,"SOLO",13.0,"EUW1",236.0,420.0,"MID",1.583787403309E12
"20VITQtkdhDPhj4phneOY0NWmpYHQWh-wVwzJeS-OIPXrrU",4.447032374E9,"SOLO",13.0,"EUW1",134.0,420.0,"MID",1.583784835702E12
"20VITQtkdhDPhj4phneOY0NWmpYHQWh-wVwzJeS-OIPXrrU",4.446203557E9,"DUO",13.0,"EUW1",7.0,420.0,"MID",1.58376584823E12
"20VITQtkdhDPhj4phneOY0NWmpYHQWh-wVwzJeS-OIPXrrU",4.446139227E9,"SOLO",13.0,"EUW1",7.0,420.0,"MID",1.583763818472E12
"20VITQtkdhDPhj4phneOY0NWmpYHQWh-wVwzJeS-OIPXrrU",4.445343061E9,"SOLO",13.0,"EUW1",69.0,420.0,"MID",1.583691284729E12
"20VITQtkdhDPhj4phneOY0NWmpYHQWh-wVwzJeS-OIPXrrU",4.445218389E9,"SOLO",13.0,"EUW1",69.0,420.0,"MID",1.58368938969E12
"20VITQtkdhDPhj4phneOY0NWmpYHQWh-wVwzJeS-OIPXrrU",4.442036459E9,"SOLO",13.0,"EUW1",134.0,420.0,"MID",1.583514483435E12
"20VITQtkdhDPhj4phneOY0NWmpYHQWh-wVwzJeS-OIPXrrU",4.441945894E9,"DUO",13.0,"EUW1",131.0,420.0,"MID",1.583510199511E12
"20VITQtkdhDPhj4phneOY0NWmpYHQWh-wVwzJeS-OIPXrrU",4.44110603E9,"SOLO",13.0,"EUW1",7.0,420.0,"MID",1.583451919967E12
"20VITQtkdhDPhj4phneOY0NWmpYHQWh-wVwzJeS-OIPXrrU",4.441070885E9,"SOLO",13.0,"EUW1",517.0,420.0,"MID",1.5834488954E12
"20VITQtkdhDPhj4phneOY0NWmpYHQWh-wVwzJeS-OIPXrrU",4.439121035E9,"DUO",13.0,"EUW1",517.0,420.0,"TOP",1.583319686087E12
"20VITQtkdhDPhj4phneOY0NWmpYHQWh-wVwzJeS-OIPXrrU",4.438799207E9,"DUO_SUPPORT",13.0,"EUW1",84.0,420.0,"NONE",1.583317961966E12
"20VITQtkdhDPhj4phneOY0NWmpYHQWh-wVwzJeS-OIPXrrU",4.438628548E9,"DUO",13.0,"EUW1",134.0,420.0,"NONE",1.583317321906E12
"20VITQtkdhDPhj4phneOY0NWmpYHQWh-wVwzJeS-OIPXrrU",4.436003986E9,"SOLO",13.0,"EUW1",84.0,420.0,"TOP",1.583141995137E12
"20VITQtkdhDPhj4phneOY0NWmpYHQWh-wVwzJeS-OIPXrrU",4.435958784E9,"DUO",13.0,"EUW1",69.0,420.0,"MID",1.583135197864E12
"20VITQtkdhDPhj4phneOY0NWmpYHQWh-wVwzJeS-OIPXrrU",4.435984752E9,"SOLO",13.0,"EUW1",69.0,420.0,"MID",1.583129115826E12
"20VITQtkdhDPhj4phneOY0NWmpYHQWh-wVwzJeS-OIPXrrU",4.435462787E9,"SOLO",13.0,"EUW1",84.0,420.0,"MID",1.583090299966E12
"20VITQtkdhDPhj4phneOY0NWmpYHQWh-wVwzJeS-OIPXrrU",4.434308456E9,"SOLO",13.0,"EUW1",84.0,420.0,"MID",1.583015223639E12
"20VITQtkdhDPhj4phneOY0NWmpYHQWh-wVwzJeS-OIPXrrU",4.434278719E9,"SOLO",13.0,"EUW1",84.0,420.0,"MID",1.583012600383E12
"20VITQtkdhDPhj4phneOY0NWmpYHQWh-wVwzJeS-OIPXrrU",4.434164943E9,"SOLO",13.0,"EUW1",84.0,420.0,"MID",1.583007356174E12
"20VITQtkdhDPhj4phneOY0NWmpYHQWh-wVwzJeS-OIPXrrU",4.433551784E9,"DUO_SUPPORT",13.0,"EUW1",84.0,420.0,"NONE",1.582995599418E12
"20VITQtkdhDPhj4phneOY0NWmpYHQWh-wVwzJeS-OIPXrrU",4.433389042E9,"SOLO",13.0,"EUW1",517.0,420.0,"MID",1.582993331275E12
"20VITQtkdhDPhj4phneOY0NWmpYHQWh-wVwzJeS-OIPXrrU",4.433402009E9,"SOLO",13.0,"EUW1",84.0,420.0,"MID",1.58299088258E12
"20VITQtkdhDPhj4phneOY0NWmpYHQWh-wVwzJeS-OIPXrrU",4.433145144E9,"DUO_SUPPORT",13.0,"EUW1",517.0,420.0,"MID",1.582979967612E12
"20VITQtkdhDPhj4phneOY0NWmpYHQWh-wVwzJeS-OIPXrrU",4.433120985E9,"SOLO",13.0,"EUW1",69.0,420.0,"MID",1.582977776641E12
"20VITQtkdhDPhj4phneOY0NWmpYHQWh-wVwzJeS-OIPXrrU",4.433085571E9,"SOLO",13.0,"EUW1",517.0,420.0,"MID",1.582975282814E12
"20VITQtkdhDPhj4phneOY0NWmpYHQWh-wVwzJeS-OIPXrrU",4.433022947E9,"DUO",13.0,"EUW1",7.0,420.0,"MID",1.582973054968E12
"20VITQtkdhDPhj4phneOY0NWmpYHQWh-wVwzJeS-OIPXrrU",4.433016558E9,"SOLO",13.0,"EUW1",517.0,420.0,"MID",1.582971024878E12
"20VITQtkdhDPhj4phneOY0NWmpYHQWh-wVwzJeS-OIPXrrU",4.433004323E9,"SOLO",13.0,"EUW1",69.0,420.0,"MID",1.582967227797E12
"20VITQtkdhDPhj4phneOY0NWmpYHQWh-wVwzJeS-OIPXrrU",4.429310074E9,"SOLO",13.0,"EUW1",131.0,420.0,"MID",1.582729395889E12
"20VITQtkdhDPhj4phneOY0NWmpYHQWh-wVwzJeS-OIPXrrU",4.429335836E9,"SOLO",13.0,"EUW1",517.0,420.0,"MID",1.58272753607E12
"20VITQtkdhDPhj4phneOY0NWmpYHQWh-wVwzJeS-OIPXrrU",4.429311032E9,"SOLO",13.0,"EUW1",131.0,420.0,"MID",1.582725382731E12
"20VITQtkdhDPhj4phneOY0NWmpYHQWh-wVwzJeS-OIPXrrU",4.429281375E9,"SOLO",13.0,"EUW1",246.0,420.0,"MID",1.582720219558E12
"20VITQtkdhDPhj4phneOY0NWmpYHQWh-wVwzJeS-OIPXrrU",4.429178252E9,"SOLO",13.0,"EUW1",7.0,420.0,"MID",1.582718185748E12
"20VITQtkdhDPhj4phneOY0NWmpYHQWh-wVwzJeS-OIPXrrU",4.426121584E9,"DUO",13.0,"EUW1",69.0,420.0,"TOP",1.582541768611E12
"20VITQtkdhDPhj4phneOY0NWmpYHQWh-wVwzJeS-OIPXrrU",4.425414945E9,"SOLO",13.0,"EUW1",134.0,420.0,"MID",1.582482717285E12
"20VITQtkdhDPhj4phneOY0NWmpYHQWh-wVwzJeS-OIPXrrU",4.425349593E9,"DUO_SUPPORT",13.0,"EUW1",7.0,420.0,"NONE",1.582481135564E12
"20VITQtkdhDPhj4phneOY0NWmpYHQWh-wVwzJeS-OIPXrrU",4.425313274E9,"SOLO",13.0,"EUW1",164.0,420.0,"TOP",1.582479042518E12
"20VITQtkdhDPhj4phneOY0NWmpYHQWh-wVwzJeS-OIPXrrU",4.424543729E9,"DUO",13.0,"EUW1",7.0,420.0,"TOP",1.58246274553E12
"20VITQtkdhDPhj4phneOY0NWmpYHQWh-wVwzJeS-OIPXrrU",4.423950379E9,"DUO_SUPPORT",13.0,"EUW1",164.0,420.0,"NONE",1.582408337297E12
"20VITQtkdhDPhj4phneOY0NWmpYHQWh-wVwzJeS-OIPXrrU",4.423963835E9,"SOLO",13.0,"EUW1",134.0,420.0,"MID",1.582406325246E12
"20VITQtkdhDPhj4phneOY0NWmpYHQWh-wVwzJeS-OIPXrrU",4.423204978E9,"DUO_SUPPORT",13.0,"EUW1",69.0,420.0,"NONE",1.58237521164E12
"20VITQtkdhDPhj4phneOY0NWmpYHQWh-wVwzJeS-OIPXrrU",4.422341358E9,"SOLO",13.0,"EUW1",69.0,420.0,"MID",1.5823144673E12
"20VITQtkdhDPhj4phneOY0NWmpYHQWh-wVwzJeS-OIPXrrU",4.419472182E9,"SOLO",13.0,"EUW1",517.0,420.0,"MID",1.582140615914E12
"20VITQtkdhDPhj4phneOY0NWmpYHQWh-wVwzJeS-OIPXrrU",4.419242373E9,"SOLO",13.0,"EUW1",61.0,420.0,"MID",1.582129066349E12
"20VITQtkdhDPhj4phneOY0NWmpYHQWh-wVwzJeS-OIPXrrU",4.419147499E9,"SOLO",13.0,"EUW1",7.0,420.0,"MID",1.582126878876E12
"20VITQtkdhDPhj4phneOY0NWmpYHQWh-wVwzJeS-OIPXrrU",4.417599844E9,"SOLO",13.0,"EUW1",7.0,420.0,"MID",1.582038061029E12
"20VITQtkdhDPhj4phneOY0NWmpYHQWh-wVwzJeS-OIPXrrU",4.417742967E9,"SOLO",13.0,"EUW1",131.0,420.0,"MID",1.582035851247E12
"20VITQtkdhDPhj4phneOY0NWmpYHQWh-wVwzJeS-OIPXrrU",4.417591201E9,"SOLO",13.0,"EUW1",517.0,420.0,"MID",1.582033788919E12
"20VITQtkdhDPhj4phneOY0NWmpYHQWh-wVwzJeS-OIPXrrU",4.417402606E9,"DUO",13.0,"EUW1",69.0,420.0,"TOP",1.582029199231E12
"20VITQtkdhDPhj4phneOY0NWmpYHQWh-wVwzJeS-OIPXrrU",4.417359433E9,"DUO",13.0,"EUW1",69.0,420.0,"NONE",1.582028034363E12
"20VITQtkdhDPhj4phneOY0NWmpYHQWh-wVwzJeS-OIPXrrU",4.417355124E9,"SOLO",13.0,"EUW1",69.0,420.0,"MID",1.582024876657E12
"20VITQtkdhDPhj4phneOY0NWmpYHQWh-wVwzJeS-OIPXrrU",4.416491767E9,"DUO_SUPPORT",13.0,"EUW1",69.0,420.0,"NONE",1.581959318621E12
"20VITQtkdhDPhj4phneOY0NWmpYHQWh-wVwzJeS-OIPXrrU",4.413261481E9,"SOLO",13.0,"EUW1",68.0,420.0,"MID",1.58177971754E12
"20VITQtkdhDPhj4phneOY0NWmpYHQWh-wVwzJeS-OIPXrrU",4.412246148E9,"SOLO",13.0,"EUW1",69.0,420.0,"MID",1.581710115192E12
"20VITQtkdhDPhj4phneOY0NWmpYHQWh-wVwzJeS-OIPXrrU",4.412241488E9,"DUO",13.0,"EUW1",164.0,420.0,"TOP",1.58170831536E12
"20VITQtkdhDPhj4phneOY0NWmpYHQWh-wVwzJeS-OIPXrrU",4.412235526E9,"SOLO",13.0,"EUW1",61.0,420.0,"MID",1.581706392472E12
"20VITQtkdhDPhj4phneOY0NWmpYHQWh-wVwzJeS-OIPXrrU",4.410493951E9,"SOLO",13.0,"EUW1",39.0,420.0,"TOP",1.581612571816E12
"20VITQtkdhDPhj4phneOY0NWmpYHQWh-wVwzJeS-OIPXrrU",4.40928063E9,"SOLO",13.0,"EUW1",80.0,420.0,"MID",1.581526043027E12
"20VITQtkdhDPhj4phneOY0NWmpYHQWh-wVwzJeS-OIPXrrU",4.409215895E9,"SOLO",13.0,"EUW1",131.0,420.0,"MID",1.581524179218E12
"20VITQtkdhDPhj4phneOY0NWmpYHQWh-wVwzJeS-OIPXrrU",4.409112232E9,"SOLO",13.0,"EUW1",80.0,420.0,"MID",1.581518188632E12
"20VITQtkdhDPhj4phneOY0NWmpYHQWh-wVwzJeS-OIPXrrU",4.409085453E9,"SOLO",13.0,"EUW1",68.0,420.0,"MID",1.581514751051E12
"20VITQtkdhDPhj4phneOY0NWmpYHQWh-wVwzJeS-OIPXrrU",4.408502891E9,"SOLO",13.0,"EUW1",7.0,420.0,"MID",1.581493869821E12
"20VITQtkdhDPhj4phneOY0NWmpYHQWh-wVwzJeS-OIPXrrU",4.408512186E9,"DUO_SUPPORT",13.0,"EUW1",266.0,420.0,"NONE",1.581492154396E12
"20VITQtkdhDPhj4phneOY0NWmpYHQWh-wVwzJeS-OIPXrrU",4.40846132E9,"SOLO",13.0,"EUW1",68.0,420.0,"MID",1.581489568428E12
"20VITQtkdhDPhj4phneOY0NWmpYHQWh-wVwzJeS-OIPXrrU",4.408530733E9,"SOLO",13.0,"EUW1",68.0,420.0,"MID",1.581487521382E12
"20VITQtkdhDPhj4phneOY0NWmpYHQWh-wVwzJeS-OIPXrrU",4.408183099E9,"SOLO",13.0,"EUW1",246.0,420.0,"MID",1.581456294249E12
"20VITQtkdhDPhj4phneOY0NWmpYHQWh-wVwzJeS-OIPXrrU",4.408078225E9,"DUO_SUPPORT",13.0,"EUW1",134.0,420.0,"NONE",1.581454687844E12
"20VITQtkdhDPhj4phneOY0NWmpYHQWh-wVwzJeS-OIPXrrU",4.407321323E9,"DUO",13.0,"EUW1",246.0,420.0,"MID",1.58142112429E12
"20VITQtkdhDPhj4phneOY0NWmpYHQWh-wVwzJeS-OIPXrrU",4.407136898E9,"DUO",13.0,"EUW1",134.0,420.0,"MID",1.581418869646E12
"20VITQtkdhDPhj4phneOY0NWmpYHQWh-wVwzJeS-OIPXrrU",4.407203571E9,"SOLO",13.0,"EUW1",68.0,420.0,"MID",1.581416219789E12
"20VITQtkdhDPhj4phneOY0NWmpYHQWh-wVwzJeS-OIPXrrU",4.407111924E9,"SOLO",13.0,"EUW1",68.0,420.0,"MID",1.581413000964E12
"20VITQtkdhDPhj4phneOY0NWmpYHQWh-wVwzJeS-OIPXrrU",4.407101032E9,"DUO_SUPPORT",13.0,"EUW1",131.0,420.0,"NONE",1.581411390551E12
"20VITQtkdhDPhj4phneOY0NWmpYHQWh-wVwzJeS-OIPXrrU",4.406700405E9,"SOLO",13.0,"EUW1",84.0,420.0,"MID",1.581377079668E12
"20VITQtkdhDPhj4phneOY0NWmpYHQWh-wVwzJeS-OIPXrrU",4.406723848E9,"SOLO",13.0,"EUW1",131.0,420.0,"MID",1.581374436082E12
"20VITQtkdhDPhj4phneOY0NWmpYHQWh-wVwzJeS-OIPXrrU",4.406588566E9,"SOLO",13.0,"EUW1",131.0,420.0,"MID",1.581371843948E12
"20VITQtkdhDPhj4phneOY0NWmpYHQWh-wVwzJeS-OIPXrrU",4.406611017E9,"SOLO",13.0,"EUW1",69.0,420.0,"MID",1.581369586744E12
"20VITQtkdhDPhj4phneOY0NWmpYHQWh-wVwzJeS-OIPXrrU",4.406143729E9,"SOLO",13.0,"EUW1",84.0,420.0,"MID",1.58135429436E12
"plYMY8WnEUsSGji9ZWbH6wNP5PQsQgHMHeQ5YBcRC-ytFO4",4.468666183E9,"SOLO",13.0,"EUW1",82.0,420.0,"TOP",1.584742826438E12
"plYMY8WnEUsSGji9ZWbH6wNP5PQsQgHMHeQ5YBcRC-ytFO4",4.468173353E9,"DUO_SUPPORT",13.0,"EUW1",82.0,420.0,"NONE",1.58473291616E12
"plYMY8WnEUsSGji9ZWbH6wNP5PQsQgHMHeQ5YBcRC-ytFO4",4.468145924E9,"DUO_SUPPORT",13.0,"EUW1",58.0,420.0,"NONE",1.584731258307E12
"plYMY8WnEUsSGji9ZWbH6wNP5PQsQgHMHeQ5YBcRC-ytFO4",4.466870814E9,"SOLO",13.0,"EUW1",82.0,400.0,"TOP",1.584682817628E12
"plYMY8WnEUsSGji9ZWbH6wNP5PQsQgHMHeQ5YBcRC-ytFO4",4.466778984E9,"SOLO",13.0,"EUW1",122.0,420.0,"TOP",1.584679979558E12
"plYMY8WnEUsSGji9ZWbH6wNP5PQsQgHMHeQ5YBcRC-ytFO4",4.466806883E9,"SOLO",13.0,"EUW1",39.0,420.0,"TOP",1.584676814034E12
"plYMY8WnEUsSGji9ZWbH6wNP5PQsQgHMHeQ5YBcRC-ytFO4",4.466735812E9,"DUO",13.0,"EUW1",58.0,420.0,"MID",1.58467423993E12
"plYMY8WnEUsSGji9ZWbH6wNP5PQsQgHMHeQ5YBcRC-ytFO4",4.466732688E9,"SOLO",13.0,"EUW1",157.0,400.0,"TOP",1.584670916349E12
"plYMY8WnEUsSGji9ZWbH6wNP5PQsQgHMHeQ5YBcRC-ytFO4",4.463321005E9,"DUO",13.0,"EUW1",875.0,420.0,"MID",1.584567789893E12
"plYMY8WnEUsSGji9ZWbH6wNP5PQsQgHMHeQ5YBcRC-ytFO4",4.463131948E9,"DUO_SUPPORT",13.0,"EUW1",350.0,400.0,"BOTTOM",1.584563111497E12
"plYMY8WnEUsSGji9ZWbH6wNP5PQsQgHMHeQ5YBcRC-ytFO4",4.463045355E9,"DUO_SUPPORT",13.0,"EUW1",875.0,420.0,"NONE",1.584561556795E12
"plYMY8WnEUsSGji9ZWbH6wNP5PQsQgHMHeQ5YBcRC-ytFO4",4.462901114E9,"DUO",13.0,"EUW1",58.0,420.0,"TOP",1.584557857537E12
"plYMY8WnEUsSGji9ZWbH6wNP5PQsQgHMHeQ5YBcRC-ytFO4",4.462765509E9,"DUO_SUPPORT",13.0,"EUW1",875.0,420.0,"NONE",1.584556246996E12
"plYMY8WnEUsSGji9ZWbH6wNP5PQsQgHMHeQ5YBcRC-ytFO4",4.461386583E9,"SOLO",13.0,"EUW1",875.0,420.0,"TOP",1.584493536965E12
"plYMY8WnEUsSGji9ZWbH6wNP5PQsQgHMHeQ5YBcRC-ytFO4",4.458623658E9,"DUO_SUPPORT",13.0,"EUW1",50.0,420.0,"BOTTOM",1.584384635909E12
"plYMY8WnEUsSGji9ZWbH6wNP5PQsQgHMHeQ5YBcRC-ytFO4",4.45855491E9,"SOLO",13.0,"EUW1",266.0,420.0,"TOP",1.584382359992E12
"plYMY8WnEUsSGji9ZWbH6wNP5PQsQgHMHeQ5YBcRC-ytFO4",4.458438222E9,"SOLO",13.0,"EUW1",58.0,420.0,"TOP",1.584380254564E12
"plYMY8WnEUsSGji9ZWbH6wNP5PQsQgHMHeQ5YBcRC-ytFO4",4.45837963E9,"SOLO",13.0,"EUW1",875.0,420.0,"TOP",1.58437799941E12
"plYMY8WnEUsSGji9ZWbH6wNP5PQsQgHMHeQ5YBcRC-ytFO4",4.458162953E9,"DUO_CARRY",13.0,"EUW1",81.0,420.0,"BOTTOM",1.584369861923E12
"plYMY8WnEUsSGji9ZWbH6wNP5PQsQgHMHeQ5YBcRC-ytFO4",4.457837423E9,"DUO",13.0,"EUW1",58.0,420.0,"NONE",1.584367938346E12
"plYMY8WnEUsSGji9ZWbH6wNP5PQsQgHMHeQ5YBcRC-ytFO4",4.457266934E9,"DUO",13.0,"EUW1",875.0,850.0,"NONE",1.584323187826E12
"plYMY8WnEUsSGji9ZWbH6wNP5PQsQgHMHeQ5YBcRC-ytFO4",4.453173106E9,"SOLO",13.0,"EUW1",429.0,400.0,"TOP",1.584147038647E12
"plYMY8WnEUsSGji9ZWbH6wNP5PQsQgHMHeQ5YBcRC-ytFO4",4.451434804E9,"SOLO",13.0,"EUW1",24.0,420.0,"TOP",1.584050997329E12
"plYMY8WnEUsSGji9ZWbH6wNP5PQsQgHMHeQ5YBcRC-ytFO4",4.451059407E9,"DUO_SUPPORT",13.0,"EUW1",58.0,420.0,"NONE",1.584049034965E12
"plYMY8WnEUsSGji9ZWbH6wNP5PQsQgHMHeQ5YBcRC-ytFO4",4.449893411E9,"DUO_CARRY",13.0,"EUW1",235.0,400.0,"BOTTOM",1.583963728163E12
"plYMY8WnEUsSGji9ZWbH6wNP5PQsQgHMHeQ5YBcRC-ytFO4",4.44829009E9,"SOLO",13.0,"EUW1",150.0,400.0,"TOP",1.583877457804E12
"plYMY8WnEUsSGji9ZWbH6wNP5PQsQgHMHeQ5YBcRC-ytFO4",4.447527708E9,"SOLO",13.0,"EUW1",39.0,420.0,"TOP",1.583843498616E12
"plYMY8WnEUsSGji9ZWbH6wNP5PQsQgHMHeQ5YBcRC-ytFO4",4.447564705E9,"SOLO",13.0,"EUW1",58.0,420.0,"TOP",1.583841723071E12
"plYMY8WnEUsSGji9ZWbH6wNP5PQsQgHMHeQ5YBcRC-ytFO4",4.446175766E9,"DUO",13.0,"EUW1",39.0,420.0,"MID",1.583766722143E12
"plYMY8WnEUsSGji9ZWbH6wNP5PQsQgHMHeQ5YBcRC-ytFO4",4.446150432E9,"SOLO",13.0,"EUW1",236.0,420.0,"TOP",1.5837647017E12
"plYMY8WnEUsSGji9ZWbH6wNP5PQsQgHMHeQ5YBcRC-ytFO4",4.446105102E9,"SOLO",13.0,"EUW1",58.0,420.0,"TOP",1.583761155371E12
"plYMY8WnEUsSGji9ZWbH6wNP5PQsQgHMHeQ5YBcRC-ytFO4",4.445360036E9,"DUO_CARRY",13.0,"EUW1",523.0,400.0,"BOTTOM",1.583696532786E12
"plYMY8WnEUsSGji9ZWbH6wNP5PQsQgHMHeQ5YBcRC-ytFO4",4.445424397E9,"DUO",13.0,"EUW1",429.0,400.0,"NONE",1.58369501892E12
"plYMY8WnEUsSGji9ZWbH6wNP5PQsQgHMHeQ5YBcRC-ytFO4",4.444767021E9,"DUO_CARRY",13.0,"EUW1",110.0,400.0,"BOTTOM",1.583671338276E12
"plYMY8WnEUsSGji9ZWbH6wNP5PQsQgHMHeQ5YBcRC-ytFO4",4.444772262E9,"SOLO",13.0,"EUW1",114.0,400.0,"TOP",1.583669233732E12
"plYMY8WnEUsSGji9ZWbH6wNP5PQsQgHMHeQ5YBcRC-ytFO4",4.442041489E9,"DUO_SUPPORT",13.0,"EUW1",150.0,450.0,"TOP",1.583512364845E12
"plYMY8WnEUsSGji9ZWbH6wNP5PQsQgHMHeQ5YBcRC-ytFO4",4.441942349E9,"DUO",13.0,"EUW1",58.0,420.0,"NONE",1.58350870424E12
"plYMY8WnEUsSGji9ZWbH6wNP5PQsQgHMHeQ5YBcRC-ytFO4",4.441886622E9,"SOLO",13.0,"EUW1",58.0,420.0,"TOP",1.583506424956E12
"plYMY8WnEUsSGji9ZWbH6wNP5PQsQgHMHeQ5YBcRC-ytFO4",4.441912367E9,"DUO_CARRY",13.0,"EUW1",58.0,420.0,"MID",1.583504622879E12
"plYMY8WnEUsSGji9ZWbH6wNP5PQsQgHMHeQ5YBcRC-ytFO4",4.441808984E9,"DUO_SUPPORT",13.0,"EUW1",58.0,420.0,"MID",1.583502871972E12
"plYMY8WnEUsSGji9ZWbH6wNP5PQsQgHMHeQ5YBcRC-ytFO4",4.441784553E9,"SOLO",13.0,"EUW1",58.0,420.0,"TOP",1.583500198302E12
"plYMY8WnEUsSGji9ZWbH6wNP5PQsQgHMHeQ5YBcRC-ytFO4",4.441720434E9,"SOLO",13.0,"EUW1",236.0,420.0,"TOP",1.583497956699E12
"plYMY8WnEUsSGji9ZWbH6wNP5PQsQgHMHeQ5YBcRC-ytFO4",4.439088206E9,"SOLO",13.0,"EUW1",58.0,420.0,"TOP",1.583325544339E12
"plYMY8WnEUsSGji9ZWbH6wNP5PQsQgHMHeQ5YBcRC-ytFO4",4.439055647E9,"DUO_SUPPORT",13.0,"EUW1",50.0,420.0,"BOTTOM",1.583323612806E12
"plYMY8WnEUsSGji9ZWbH6wNP5PQsQgHMHeQ5YBcRC-ytFO4",4.438729785E9,"DUO_CARRY",13.0,"EUW1",236.0,420.0,"BOTTOM",1.583318494754E12
"plYMY8WnEUsSGji9ZWbH6wNP5PQsQgHMHeQ5YBcRC-ytFO4",4.438627979E9,"DUO_SUPPORT",13.0,"EUW1",58.0,420.0,"NONE",1.583316718206E12
"plYMY8WnEUsSGji9ZWbH6wNP5PQsQgHMHeQ5YBcRC-ytFO4",4.438636199E9,"DUO_SUPPORT",13.0,"EUW1",429.0,400.0,"NONE",1.583314529239E12
"plYMY8WnEUsSGji9ZWbH6wNP5PQsQgHMHeQ5YBcRC-ytFO4",4.437388555E9,"DUO",13.0,"EUW1",58.0,420.0,"MID",1.583210116633E12
"plYMY8WnEUsSGji9ZWbH6wNP5PQsQgHMHeQ5YBcRC-ytFO4",4.437397204E9,"SOLO",13.0,"EUW1",58.0,420.0,"TOP",1.583207210644E12
"plYMY8WnEUsSGji9ZWbH6wNP5PQsQgHMHeQ5YBcRC-ytFO4",4.437386096E9,"SOLO",13.0,"EUW1",58.0,420.0,"TOP",1.583203872115E12
"plYMY8WnEUsSGji9ZWbH6wNP5PQsQgHMHeQ5YBcRC-ytFO4",4.437354619E9,"DUO",13.0,"EUW1",236.0,420.0,"MID",1.583200533705E12
"plYMY8WnEUsSGji9ZWbH6wNP5PQsQgHMHeQ5YBcRC-ytFO4",4.4374021E9,"SOLO",13.0,"EUW1",58.0,420.0,"TOP",1.58319870468E12
"plYMY8WnEUsSGji9ZWbH6wNP5PQsQgHMHeQ5YBcRC-ytFO4",4.437340991E9,"SOLO",13.0,"EUW1",517.0,420.0,"TOP",1.583195587875E12
"plYMY8WnEUsSGji9ZWbH6wNP5PQsQgHMHeQ5YBcRC-ytFO4",4.437288301E9,"DUO",13.0,"EUW1",58.0,420.0,"NONE",1.583194040847E12
"plYMY8WnEUsSGji9ZWbH6wNP5PQsQgHMHeQ5YBcRC-ytFO4",4.437284883E9,"SOLO",13.0,"EUW1",517.0,420.0,"TOP",1.583191636355E12
"plYMY8WnEUsSGji9ZWbH6wNP5PQsQgHMHeQ5YBcRC-ytFO4",4.437253448E9,"DUO_SUPPORT",13.0,"EUW1",21.0,400.0,"NONE",1.583190252436E12
"plYMY8WnEUsSGji9ZWbH6wNP5PQsQgHMHeQ5YBcRC-ytFO4",4.437242434E9,"SOLO",13.0,"EUW1",58.0,400.0,"TOP",1.583186590001E12
"plYMY8WnEUsSGji9ZWbH6wNP5PQsQgHMHeQ5YBcRC-ytFO4",4.434256339E9,"NONE",13.0,"EUW1",39.0,400.0,"JUNGLE",1.58301125446E12
"plYMY8WnEUsSGji9ZWbH6wNP5PQsQgHMHeQ5YBcRC-ytFO4",4.434130184E9,"SOLO",13.0,"EUW1",517.0,400.0,"TOP",1.583008869418E12
"plYMY8WnEUsSGji9ZWbH6wNP5PQsQgHMHeQ5YBcRC-ytFO4",4.434136416E9,"DUO",13.0,"EUW1",24.0,400.0,"NONE",1.583007580672E12
"plYMY8WnEUsSGji9ZWbH6wNP5PQsQgHMHeQ5YBcRC-ytFO4",4.432347446E9,"SOLO",13.0,"EUW1",10.0,420.0,"TOP",1.582917394629E12
"plYMY8WnEUsSGji9ZWbH6wNP5PQsQgHMHeQ5YBcRC-ytFO4",4.432322656E9,"SOLO",13.0,"EUW1",58.0,420.0,"TOP",1.582915384067E12
"plYMY8WnEUsSGji9ZWbH6wNP5PQsQgHMHeQ5YBcRC-ytFO4",4.432280198E9,"DUO",13.0,"EUW1",58.0,420.0,"NONE",1.582914571353E12
"plYMY8WnEUsSGji9ZWbH6wNP5PQsQgHMHeQ5YBcRC-ytFO4",4.432225404E9,"DUO_SUPPORT",13.0,"EUW1",58.0,420.0,"NONE",1.582912311372E12
"plYMY8WnEUsSGji9ZWbH6wNP5PQsQgHMHeQ5YBcRC-ytFO4",4.432158233E9,"SOLO",13.0,"EUW1",236.0,420.0,"TOP",1.582909398985E12
"plYMY8WnEUsSGji9ZWbH6wNP5PQsQgHMHeQ5YBcRC-ytFO4",4.432165794E9,"DUO",13.0,"EUW1",58.0,420.0,"NONE",1.582908434038E12
"plYMY8WnEUsSGji9ZWbH6wNP5PQsQgHMHeQ5YBcRC-ytFO4",4.432088951E9,"SOLO",13.0,"EUW1",10.0,400.0,"TOP",1.582905518831E12
"plYMY8WnEUsSGji9ZWbH6wNP5PQsQgHMHeQ5YBcRC-ytFO4",4.431186691E9,"DUO",13.0,"EUW1",58.0,420.0,"NONE",1.582845255011E12
"plYMY8WnEUsSGji9ZWbH6wNP5PQsQgHMHeQ5YBcRC-ytFO4",4.431123396E9,"DUO_CARRY",13.0,"EUW1",236.0,400.0,"BOTTOM",1.582840262581E12
"plYMY8WnEUsSGji9ZWbH6wNP5PQsQgHMHeQ5YBcRC-ytFO4",4.430467869E9,"SOLO",13.0,"EUW1",39.0,400.0,"TOP",1.582813723759E12
"plYMY8WnEUsSGji9ZWbH6wNP5PQsQgHMHeQ5YBcRC-ytFO4",4.430050669E9,"DUO",13.0,"EUW1",24.0,420.0,"BOTTOM",1.582757658984E12
"plYMY8WnEUsSGji9ZWbH6wNP5PQsQgHMHeQ5YBcRC-ytFO4",4.429955507E9,"DUO",13.0,"EUW1",58.0,420.0,"TOP",1.582755541821E12
"plYMY8WnEUsSGji9ZWbH6wNP5PQsQgHMHeQ5YBcRC-ytFO4",4.429936352E9,"SOLO",13.0,"EUW1",58.0,420.0,"TOP",1.58275260007E12
"plYMY8WnEUsSGji9ZWbH6wNP5PQsQgHMHeQ5YBcRC-ytFO4",4.429857884E9,"SOLO",13.0,"EUW1",236.0,420.0,"TOP",1.582749840156E12
"plYMY8WnEUsSGji9ZWbH6wNP5PQsQgHMHeQ5YBcRC-ytFO4",4.429793521E9,"SOLO",13.0,"EUW1",58.0,420.0,"TOP",1.582748280068E12
"plYMY8WnEUsSGji9ZWbH6wNP5PQsQgHMHeQ5YBcRC-ytFO4",4.429744669E9,"NONE",13.0,"EUW1",10.0,400.0,"JUNGLE",1.582745441236E12
"plYMY8WnEUsSGji9ZWbH6wNP5PQsQgHMHeQ5YBcRC-ytFO4",4.42962201E9,"DUO",13.0,"EUW1",236.0,400.0,"NONE",1.582741198144E12
"plYMY8WnEUsSGji9ZWbH6wNP5PQsQgHMHeQ5YBcRC-ytFO4",4.429432449E9,"NONE",13.0,"EUW1",64.0,400.0,"JUNGLE",1.582730385997E12
"plYMY8WnEUsSGji9ZWbH6wNP5PQsQgHMHeQ5YBcRC-ytFO4",4.429326311E9,"SOLO",13.0,"EUW1",10.0,400.0,"TOP",1.582727795422E12
"plYMY8WnEUsSGji9ZWbH6wNP5PQsQgHMHeQ5YBcRC-ytFO4",4.428013497E9,"DUO_SUPPORT",13.0,"EUW1",35.0,450.0,"MID",1.582649913398E12
"plYMY8WnEUsSGji9ZWbH6wNP5PQsQgHMHeQ5YBcRC-ytFO4",4.427437434E9,"SOLO",13.0,"EUW1",58.0,450.0,"TOP",1.582638860403E12
"plYMY8WnEUsSGji9ZWbH6wNP5PQsQgHMHeQ5YBcRC-ytFO4",4.427433693E9,"SOLO",13.0,"EUW1",236.0,420.0,"TOP",1.582637094566E12
"plYMY8WnEUsSGji9ZWbH6wNP5PQsQgHMHeQ5YBcRC-ytFO4",4.427367775E9,"SOLO",13.0,"EUW1",10.0,420.0,"TOP",1.582634632343E12
"plYMY8WnEUsSGji9ZWbH6wNP5PQsQgHMHeQ5YBcRC-ytFO4",4.427356074E9,"DUO_SUPPORT",13.0,"EUW1",429.0,450.0,"NONE",1.582633267732E12
"plYMY8WnEUsSGji9ZWbH6wNP5PQsQgHMHeQ5YBcRC-ytFO4",4.426929691E9,"DUO",13.0,"EUW1",236.0,450.0,"MID",1.58258346805E12
"plYMY8WnEUsSGji9ZWbH6wNP5PQsQgHMHeQ5YBcRC-ytFO4",4.426955657E9,"DUO_SUPPORT",13.0,"EUW1",99.0,450.0,"NONE",1.582582060559E12
"plYMY8WnEUsSGji9ZWbH6wNP5PQsQgHMHeQ5YBcRC-ytFO4",4.426685139E9,"SOLO",13.0,"EUW1",8.0,400.0,"TOP",1.582572905804E12
"plYMY8WnEUsSGji9ZWbH6wNP5PQsQgHMHeQ5YBcRC-ytFO4",4.426488251E9,"SOLO",13.0,"EUW1",10.0,420.0,"TOP",1.582564099784E12
"plYMY8WnEUsSGji9ZWbH6wNP5PQsQgHMHeQ5YBcRC-ytFO4",4.426454023E9,"NONE",13.0,"EUW1",236.0,420.0,"JUNGLE",1.582562439751E12
"plYMY8WnEUsSGji9ZWbH6wNP5PQsQgHMHeQ5YBcRC-ytFO4",4.426350301E9,"NONE",13.0,"EUW1",10.0,420.0,"JUNGLE",1.58256073238E12
"plYMY8WnEUsSGji9ZWbH6wNP5PQsQgHMHeQ5YBcRC-ytFO4",4.423348525E9,"SOLO",13.0,"EUW1",24.0,420.0,"TOP",1.582383860435E12
"plYMY8WnEUsSGji9ZWbH6wNP5PQsQgHMHeQ5YBcRC-ytFO4",4.423393723E9,"DUO_SUPPORT",13.0,"EUW1",236.0,420.0,"NONE",1.582382313369E12
"plYMY8WnEUsSGji9ZWbH6wNP5PQsQgHMHeQ5YBcRC-ytFO4",4.423275777E9,"SOLO",13.0,"EUW1",875.0,420.0,"TOP",1.582379321573E12
"plYMY8WnEUsSGji9ZWbH6wNP5PQsQgHMHeQ5YBcRC-ytFO4",4.423145387E9,"SOLO",13.0,"EUW1",58.0,420.0,"TOP",1.582371084606E12
"plYMY8WnEUsSGji9ZWbH6wNP5PQsQgHMHeQ5YBcRC-ytFO4",4.423151583E9,"SOLO",13.0,"EUW1",236.0,400.0,"TOP",1.582369271243E12
"plYMY8WnEUsSGji9ZWbH6wNP5PQsQgHMHeQ5YBcRC-ytFO4",4.422156296E9,"SOLO",13.0,"EUW1",24.0,420.0,"TOP",1.582308839304E12
"plYMY8WnEUsSGji9ZWbH6wNP5PQsQgHMHeQ5YBcRC-ytFO4",4.4220703E9,"SOLO",13.0,"EUW1",58.0,420.0,"TOP",1.582306507986E12
"plYMY8WnEUsSGji9ZWbH6wNP5PQsQgHMHeQ5YBcRC-ytFO4",4.422104786E9,"SOLO",13.0,"EUW1",58.0,400.0,"TOP",1.58230427024E12
"plYMY8WnEUsSGji9ZWbH6wNP5PQsQgHMHeQ5YBcRC-ytFO4",4.419685338E9,"DUO_SUPPORT",13.0,"EUW1",875.0,450.0,"NONE",1.582148982913E12
"plYMY8WnEUsSGji9ZWbH6wNP5PQsQgHMHeQ5YBcRC-ytFO4",4.419701006E9,"DUO_SUPPORT",13.0,"EUW1",96.0,450.0,"TOP",1.582147534502E12
