/leagueId,/queueType,/tier,/rank,/summonerId,/summonerName,/leaguePoints,/wins,/losses,/veteran,/inactive,/freshBlood,/hotStreak,/miniSeries/target,/miniSeries/wins,/miniSeries/losses,/miniSeries/progress
"6801ae3a-092c-4aaa-b46a-17ba2530f473","RANKED_SOLO_5x5","BRONZE","IV","UMSo_95c-gr5FTSF14be2Ip5kz5pYWWy0EKtTyrfDcDlhsGN","Joker of Jukes",34.0,3.0,8.0,false,false,false,false,,,,
"684226b9-aa90-4437-ae9f-4f65a0a5ff15","RANKED_SOLO_5x5","BRONZE","IV","13xk1OWv3qsP0-5-9tvmR5Q63CnLC4xfpH-ln_bVZAjOoT4S","SpoelS",0.0,5.0,12.0,false,false,false,false,,,,
"76f41767-dfa5-4cb4-ad8a-3b801170c658","RANKED_SOLO_5x5","BRONZE","IV","ZQqwlBRmcGHfxVzBejMWE13eRU5ETk2yzH0WWoWI9FcEQe1g","CAOOOOOOOOOOOO",81.0,6.0,4.0,false,false,false,false,,,,
"d9236575-4a71-44cd-8df9-99a05b9da9c0","RANKED_SOLO_5x5","BRONZE","IV","9p_TrmvzE7K2w5yRbafUI7q7KEIfoRJGIFArsNduolvdWKlq","Frog the Thunder",41.0,32.0,32.0,false,false,false,false,,,,
"626598cb-2f44-4660-87b5-2b6567a57db1","RANKED_SOLO_5x5","BRONZE","IV","TR4w41kNz6t73Z1Y1CQBZnlYIsnLOZiaCb8iimo17BaTHoQa","nightooi",59.0,34.0,46.0,false,false,false,false,,,,
"f8d4065d-8480-48c0-8e57-9a3729cce25d","RANKED_SOLO_5x5","BRONZE","IV","GxIWay7EnyXqa5En2FvaPiLjrnop-azDzk-soQRjJY5Jf22F","Encanisa",47.0,6.0,7.0,false,false,false,false,,,,
"029520c2-bb16-4f75-8747-29a889b0df48","RANKED_SOLO_5x5","BRONZE","IV","dXHXu2eZezX1sBMpwljZiadvYJ5QKyf2EwdoQ8pePNObcb4T","Straaand",11.0,12.0,8.0,false,false,false,false,,,,
"80b09b70-cbf3-4145-9170-3be24eca26a3","RANKED_SOLO_5x5","BRONZE","IV","39yuyWdgQ-LbH1Uy_oR7YJpGGmpVRTvThCGz75BJqWo9zo1t","C9 xaLo",56.0,11.0,18.0,false,false,true,false,,,,
"85ea4ac2-1dab-4ff9-b5af-a15deff4b34c","RANKED_SOLO_5x5","BRONZE","IV","-QC5UoaoSJ0EtmO8L--055Jgxehp0LMIDqSoMykgvY_cqdnY","Unreachable Just",54.0,29.0,23.0,false,false,false,false,,,,
"e76728d2-dfeb-4131-a1e9-2b3df2459c67","RANKED_SOLO_5x5","BRONZE","IV","ESTzQYW9z9VWO-zTs92oOzikUMFJ6eGa6-Nz9kbdXhFDGhvY","3vIldEvIl",63.0,6.0,7.0,false,false,false,false,,,,
"3801753e-1f9f-44bd-9b0c-53c029449555","RANKED_SOLO_5x5","BRONZE","IV","WFD-KpmBUYY2NSChbBBStyasazlmVypFEAoghIt6GOtDnQ9o","mekkawy 22",63.0,9.0,2.0,false,false,false,true,,,,
"8c31b9bd-f9d9-4f68-9048-2537f80d8571","RANKED_SOLO_5x5","BRONZE","IV","MNhfew2S65GvdIFeK5HMcinRI8tX7KJ0jHlo4maAR06afAQs","e1m1ha",63.0,13.0,16.0,false,false,false,false,,,,
"ce7fb87b-ae72-48a8-bd47-c4e9202e3ae5","RANKED_SOLO_5x5","BRONZE","IV","o95dqD6frgOyJjoRHL-lXXwlXZ5-aGki2lmZMzHj9Tzzusqk","redtoine",87.0,6.0,5.0,false,false,false,false,,,,
"9d3f768c-c681-491e-a5ce-df1944c9802b","RANKED_SOLO_5x5","BRONZE","IV","Saweh1oLEEaGDx6Membaau2fp81PJxe1gFgZzvLHDshhT9wQ","ZDalvik",79.0,11.0,7.0,false,false,false,false,,,,
"8a7f64d5-08e4-430d-92cd-c268364e43b0","RANKED_SOLO_5x5","BRONZE","IV","VJQ10QlkSpujG3ZR7QFhbq04eZgpUnD7-hj6WFdJFAU3ClfA","Nigthsigh",49.0,65.0,91.0,false,false,false,false,,,,
"fade9cdc-8ef0-484e-afcc-66b74afdfe4b","RANKED_SOLO_5x5","BRONZE","IV","LCUczV3yw7GeqQof3uv8fb-Y5Ibsw3tmHjt-XqE3r0GWlLbJ","Nescarti",72.0,19.0,21.0,false,false,false,false,,,,
"0f49b2af-3bd0-4d32-b367-54a092ee87ab","RANKED_SOLO_5x5","BRONZE","IV","rGYGxUj0DYwrtFfgCQZxFt2rkozFkQln7bhNQ2B92lpZ9pG1","Pop0yê",0.0,3.0,10.0,false,false,true,false,,,,
"06c6eff6-340b-4b09-bcc7-0d0dba374a30","RANKED_SOLO_5x5","BRONZE","IV","89-oISDX4bCaGolpVVZ2q894QWMU-Q52zjTmlYwn7C9slQIB","ZixerFromYT",1.0,7.0,3.0,false,false,false,false,,,,
"7bf0818f-dcff-4b60-b537-1a9810e19493","RANKED_SOLO_5x5","BRONZE","IV","YE8g5IHGvDENDOO73589kBoNiMY3Odx_F8pVXP6J4YWP4Wen","klimpo",100.0,9.0,6.0,false,false,false,false,2.0,1.0,0.0,"WNN"
"fae8f5ed-8f06-45eb-b36d-4b2d44410fb1","RANKED_SOLO_5x5","BRONZE","IV","kSYsL58YN6uwRWsDjCYFUhtNBuOCVePwnvM52jli82uUT9y6","Norman1411",49.0,17.0,22.0,false,false,false,false,,,,
"72eec9c5-a31f-49d0-9ad8-2fe9671dbb77","RANKED_SOLO_5x5","BRONZE","IV","e3FEZkQLnlILmGRwxIrJ60Qp8cHb5slcGZ6tKTPU9EX_8WQb","Hanzo786",35.0,9.0,6.0,false,false,false,false,,,,
"ac2a445c-b601-4b93-8011-2f9c1f6957b1","RANKED_SOLO_5x5","BRONZE","IV","uzDVd9fT2JPBGAcDygOIVieu_y54jfdG5Cwzr2ux-cN57ncV","Fedeadagratuito",38.0,70.0,82.0,false,false,false,false,,,,
"cf6bf224-bc07-47c2-a90c-4230d96a62ac","RANKED_SOLO_5x5","BRONZE","IV","PCajybY5HAefI42jMa4SgFsrueDeuW_z0QF2LF0IaED4XDw1","zAlexNauts",100.0,9.0,8.0,false,false,false,false,2.0,1.0,1.0,"LWN"
"fcc946f5-5f2a-405a-b8d5-90ef2e3fdbc1","RANKED_SOLO_5x5","BRONZE","IV","qAwoPw9MDwMpmv7hmS5txdrBaeVUI2v1sx7ValJlKeIV4ENS","LORD CELEBORN I",0.0,75.0,92.0,true,false,false,false,,,,
"6bdfe767-4baa-4c65-b002-bcabd3ca747d","RANKED_SOLO_5x5","BRONZE","IV","4KLTVJipZINWNGCevCs_YKTBUAGD2mTZ59P7vCnKOCpyr5VD","chui pétrologue",53.0,14.0,7.0,false,false,true,false,,,,
"c25b0e82-b5f7-43a3-9cad-0f8596da98bf","RANKED_SOLO_5x5","BRONZE","IV","RFMPYHTijkXbFcM_LuAgpNP4zb55bled3nHAChhV3qgbpEzH","yy214",15.0,5.0,10.0,false,false,false,false,,,,
"7508a823-24cb-4437-baed-c323ae4a3fb6","RANKED_SOLO_5x5","BRONZE","IV","jhIZ5cpmDdEZzoud0DbGW1Pav3hQG7Rh6G9wtpD4pxK79muc","deltaw",49.0,5.0,10.0,false,false,false,false,,,,
"19469c49-ee88-4da7-959b-cdba90a8e160","RANKED_SOLO_5x5","BRONZE","IV","vAH0JQzMoWI2T6qrkWPa-l_cvWxabOScThVK4yfw0vLgZCHA","lloullou11",68.0,10.0,7.0,false,false,false,false,,,,
"ee07c7c9-67db-4c02-a0c5-58f646d00b0f","RANKED_SOLO_5x5","BRONZE","IV","71xpznin5dckyNsJD0iK9do60FfLO0Q-e8udCr479df-SkGu","TheStoryGames",62.0,8.0,8.0,false,false,false,false,,,,
"b5d887d8-a8e7-4c01-b513-f85becbc2474","RANKED_SOLO_5x5","BRONZE","IV","qKxnpJxTE2VMNIfcDbjAtgN4NBoYAsMJMQ1ZqOmBPB3T-Np2","DaRk55xD",25.0,13.0,8.0,false,false,false,false,,,,
"f25eba95-94c4-475b-80ff-ca5df778b837","RANKED_SOLO_5x5","BRONZE","IV","Dxlevem_QwKKz3pDS3B1knKgJyzr0U6-QJjcFVHmRxlPyxQu","SupHermannn",0.0,6.0,12.0,false,false,false,false,,,,
"c2a30189-8b28-4326-b96e-053e47d08b56","RANKED_SOLO_5x5","BRONZE","IV","5uwugmjH_-7mdVVxxJsBltAvTodg93Jbb8g5vtjXETGeBM0v","sal3oss",59.0,161.0,159.0,false,false,false,false,,,,
"0129056e-ef53-4867-b78c-e0669c43914c","RANKED_SOLO_5x5","BRONZE","IV","GNsrp6bMupkz0M3-K-hF469RHWGeBTAUEGKDog-oZUJP51sn","Samulay14",22.0,22.0,49.0,false,false,false,false,,,,
"db4540df-b376-4ab8-ab2b-68fa53c4ab4b","RANKED_SOLO_5x5","BRONZE","IV","0N7nBj_8tq6_E59di4I3v6fsKvriqwsoPdc6uUPoGHLOapco","Taclygary",60.0,10.0,10.0,false,false,false,false,,,,
"f919ec78-da84-478c-bea7-87106a64c31c","RANKED_SOLO_5x5","BRONZE","IV","WPGBa5Ppe0L-Zgt3qbbbKANZwc_m8RcNkoJqAtpBgvPcSdPe","yoz24",75.0,57.0,46.0,false,false,false,false,,,,
"7f0a2043-b51c-44ca-9da6-e1c740757197","RANKED_SOLO_5x5","BRONZE","IV","KGksFbLNffbcNo3Pux_-2SzQyflqoclFHFfem1LLE2pw43KM","patozvt",19.0,6.0,6.0,false,false,true,false,,,,
"5f58986b-9e12-4df9-bc6b-6f6e3bc56278","RANKED_SOLO_5x5","BRONZE","IV","h3mfcsKT2ou56OsKnF22eqRgEvBO-AjvC2Z3EZLqpiiwCynv","4ykuT",98.0,8.0,5.0,false,false,false,false,,,,
"22185e72-edeb-4f98-89bb-fd437f88694a","RANKED_SOLO_5x5","BRONZE","IV","Fwm1iBfxMTM9fjBTPeD8BmRqjRUlaD9c575DNSOsJoqgXNpx","MattmadorGame",50.0,25.0,51.0,false,false,false,false,,,,
"486d6f64-c8b7-494d-a8e6-b0f2fd785ed9","RANKED_SOLO_5x5","BRONZE","IV","WZnVrt7oAJPn__qwMNZPBzqU9AdAxtpRLzCtjmKH2K0cK0np","DeathCape",3.0,4.0,7.0,false,false,true,false,,,,
"ce0f5942-ef1b-4891-8013-b4be0958f037","RANKED_SOLO_5x5","BRONZE","IV","4xulaSBZwprluuPfj5IqTEA_ubwHinRhIDDA5He4CzjjNU0U","I give CC",38.0,11.0,20.0,false,false,false,false,,,,
"0c1f8068-a80b-4413-b312-a937d3bc90d8","RANKED_SOLO_5x5","BRONZE","IV","Eb5ieYiz6RtV6_PsorYLYS3qBkST-Iho_uz7qVdzilr4w8LZ","RevyTwo",53.0,11.0,12.0,false,false,false,false,,,,
"10c9aa8b-19b1-44c3-a183-5b8bde573451","RANKED_SOLO_5x5","BRONZE","IV","aJEdQBtYJ8DLyhJU6auu5EdIk4MCawDkURLoD5tSN_vwypAb","DSRailGun",22.0,7.0,4.0,false,false,true,false,,,,
"1d92744d-0774-473f-a6bc-fc6f814f59ab","RANKED_SOLO_5x5","BRONZE","IV","g0SlU2XFatIUp6GimxEdx-7AwX-CQ3EJ_asDDWdko6CmWVh0","xXhamzalcXx",20.0,27.0,26.0,false,false,true,false,,,,
"3e1aebf7-d2f1-4a55-b867-11cc472927b7","RANKED_SOLO_5x5","BRONZE","IV","aHiXRpqv0R8JGqT5Jncfj13YkpN0-noviPsiY5mNLZlxAZqr","patulalulav2",0.0,5.0,8.0,false,false,false,false,,,,
"0f5ad3d0-1c91-4f60-9c39-58476682eeaa","RANKED_SOLO_5x5","BRONZE","IV","4ZGQsnjESU4zBZuO1gcnImqmUs-XpTIzjrWhsiKcXZr7vqTC","Asrf",100.0,42.0,45.0,false,false,false,false,2.0,1.0,1.0,"LWN"
"54e06a33-3df6-4a5d-a05f-15981b7e00da","RANKED_SOLO_5x5","BRONZE","IV","0F3AqiM5gT2GWFgGoMGD204xxBNASEtio8ZEW2b6SLB-YR0D","Dr4cula",69.0,4.0,6.0,false,false,false,false,,,,
"c0da7bfe-b2f4-4adc-a0dc-54d42fb65401","RANKED_SOLO_5x5","BRONZE","IV","GUO4cz3oqfdHoT-62X5yIBJ6oIEiOlcDXh2KlJjfngprnZn9","GolD Might",0.0,160.0,166.0,false,false,false,false,,,,
"6d943943-90e3-4dc3-ad11-a9aeb2f1f0df","RANKED_SOLO_5x5","BRONZE","IV","FJaWMCTHG-JQ-AJbiB5cX9u7ex-2gZVTnlrYNRbpTKkTKMTA","ThadoiusS",29.0,19.0,18.0,false,false,true,false,,,,
"7e36a786-039b-426f-9321-07b27867d8fa","RANKED_SOLO_5x5","BRONZE","IV","UZJY7Hg4xmkiQWQ7V7EkPnHRG_vbqdwEkkK7im0OeYKk-IX6","lbenj06",16.0,69.0,87.0,false,false,false,false,,,,
"cb0596f4-fd96-4e4a-945d-14f87171d22e","RANKED_SOLO_5x5","BRONZE","IV","0WcnFJjb8G8w9zDdIMhO54yDTn3MmH9CfNv6nWT0iAb4mEzg","Colonel Bot",0.0,6.0,16.0,false,false,false,false,,,,
"82c5ff67-f566-4e46-9cfd-8406f75c27a3","RANKED_SOLO_5x5","BRONZE","IV","t4xUCbuTpMJKUQWSbenzEtedDb9cqcflG0ay98I_ZC8GrYMu","bloomerface",47.0,8.0,5.0,false,false,false,false,,,,
"fa972870-a74a-466d-903a-628a5e46fa1f","RANKED_SOLO_5x5","BRONZE","IV","VDqSGGnGFz0eausgaCkzmcmsXrJCKYXgaqjNuuL5JVaAvlRh","9B4DB0Y2",60.0,11.0,12.0,false,false,true,true,,,,
"46c0817e-ca50-4d71-9fc5-198cfefc7c39","RANKED_SOLO_5x5","BRONZE","IV","AdyhmcWAdQ0OLi2w0IUbKsODAijcq3_xw7f63If3WreUZD9S","Fluchtsch",68.0,11.0,11.0,false,false,false,false,,,,
"f19025a5-77cd-435b-ba4c-793c00f72e74","RANKED_SOLO_5x5","BRONZE","IV","SbwvNJFGCfBhiGf8sPiDkyDFD1YQFd6E2HXnYBx5PqvZHwcI","ryuk31999",52.0,11.0,20.0,false,false,false,false,,,,
"8a1137f9-84fa-4096-8b82-dbd384a0cef0","RANKED_SOLO_5x5","BRONZE","IV","4JeOwGaDxZL6okQJHFzspeCqoJGTTni-5LjGR4C9gk0MEzGN","LuneOfSoleil",100.0,17.0,19.0,false,false,false,false,2.0,1.0,1.0,"WLN"
"166332f3-33e4-44f6-98b2-6048b84fd91d","RANKED_SOLO_5x5","BRONZE","IV","SrJ-3UEnAcIkYjuHlFTby1lV5MymCgo3i7aeKsqsdoTQoL5R","KommDownOfLife",34.0,10.0,8.0,false,false,false,false,,,,
"5b3a2ac5-36f3-4333-aa83-f1b5ecd30981","RANKED_SOLO_5x5","BRONZE","IV","xaj6C0oxJE3W3JkltVSkImoIvWEwEaMmw3Paax6Fwkti6nAX","DarkYasuoKiller",63.0,31.0,9.0,false,false,false,true,,,,
"b61903bf-1716-41b5-8dfb-6d62d7409678","RANKED_SOLO_5x5","BRONZE","IV","txnqxSmhNt2wvfVVoYowJnQaucWxXCxwplU59uR4DrMicZQM","pololama",50.0,24.0,32.0,false,false,false,false,,,,
"9e3da13a-9f7c-452a-8b31-36575d328d92","RANKED_SOLO_5x5","BRONZE","IV","lsnX5OqIe2vbwDvhcWAUTNITeFw9OyR98w297-5H5bGglwbm","Zerstörung002",39.0,3.0,10.0,false,false,false,false,,,,
"8a20e032-a3f2-48e7-a6ce-5aa8ec173f74","RANKED_SOLO_5x5","BRONZE","IV","ObXArhD6EhMVPSMhOUMxsW9-cw_3Jj5jn4hevX-gL6NK4QDG","Luigi026",0.0,7.0,4.0,false,false,false,false,,,,
"99e8e0ec-738b-4a5d-9898-e836e9a0c5e7","RANKED_SOLO_5x5","BRONZE","IV","ILS85PM9kOReZ_O7I178IuiALmf16NdD7tZKShXmudUnJCxM","xPica3",30.0,7.0,7.0,false,false,false,false,,,,
"f409f8dd-4213-42f7-bcec-f33216b33bcd","RANKED_SOLO_5x5","BRONZE","IV","GL237ZxVT6RqlVAr236b6AX8Aay-3-hC4NM0rKnn9hyGEUJe","ClickPlay1226",22.0,16.0,17.0,false,false,false,false,,,,
"1ff2109a-424a-4edc-bab0-d70a3c5b8c91","RANKED_SOLO_5x5","BRONZE","IV","3CdFDeDvDiyhSrLKRaWZDNA5DkfjJnd1WWMUN_Ss8SBJopX3","MASTER238",25.0,10.0,8.0,false,false,true,true,,,,
"4d441521-1a8b-4f63-9fa3-240b6d1992d0","RANKED_SOLO_5x5","BRONZE","IV","B0YwmRW4VveJMHY7LXn4hy_L9-E-tbeqI0WwL27JKrjQiiHT","DSS 2Koenzz",72.0,31.0,34.0,false,false,false,false,,,,
"ea806a29-2e2e-45be-a61a-d2f1f380f0e9","RANKED_SOLO_5x5","BRONZE","IV","Xn_8l9GzaHFnXuQNnNM1JVI7HPrhHmKxHCig_zX8BY4P6jj-","Paran0id90Psych0",100.0,11.0,11.0,false,false,false,false,2.0,1.0,0.0,"WNN"
"ff3f26b9-b6fe-4bd3-8663-6fc80099a27c","RANKED_SOLO_5x5","BRONZE","IV","kwWxKdRI8yZLOeDEpAhdF1TtZDcXVOENn5UWLlGxpCoD2kzl","ihlerbyskov",59.0,7.0,8.0,false,false,false,false,,,,
"d2a71314-a49a-481a-88cf-64babd865141","RANKED_SOLO_5x5","BRONZE","IV","geaHPZAvF8jjrhML6QNSLgoDJVAXsgLtZ7tOt_9NRIqmbbLk","EnglishMalteser",23.0,33.0,41.0,false,false,false,false,,,,
"949369ab-d19c-4e5a-98e0-f0e63248bc9d","RANKED_SOLO_5x5","BRONZE","IV","FyspKM70L-93DzaAMQ_eZTjujOPnmoltX1f1Yv90fzwbciuX","lxlKakashi",16.0,48.0,60.0,false,false,false,false,,,,
"a8b70ee7-1265-4c60-a63c-75469cca5edd","RANKED_SOLO_5x5","BRONZE","IV","U0j-8MXjn5ilNbJL0uV-PTK7-bXRpW8F6WlvefALar-T-J8e","Terleria",27.0,14.0,21.0,false,false,false,false,,,,
"cd3846e5-f8b4-4d1d-9ec1-6644d589a585","RANKED_SOLO_5x5","BRONZE","IV","wZ-quTGS53iYOIOT8VrtGq1T5enExmSaBYA_J4VkgbDbt2uA","aleix4444",66.0,9.0,10.0,false,false,false,false,,,,
"c8d6db6f-ff60-4a12-86dc-e50b0368827a","RANKED_SOLO_5x5","BRONZE","IV","v5XeU1OXRT-kcmuboKLBYJYYpAGmElNoMW1Pt4m8r5kxzNa-","TheDivineFury69",49.0,62.0,64.0,false,false,false,true,,,,
"62c4faa8-6dc4-4a63-b163-7c28f2c40122","RANKED_SOLO_5x5","BRONZE","IV","hPQNFcUXvLKt6C_jr395e0dYcVi6IXOMjD_YU2p0yPCzXyyC","FreeTheTree",100.0,33.0,21.0,false,false,false,false,2.0,1.0,1.0,"LWN"
"06343cc8-753e-4cea-9731-ba8341de85a1","RANKED_SOLO_5x5","BRONZE","IV","sXWw1AxZvUEE3YpXOwyI2REPHZiENgpBDtwD8R3BgsqC0EJb","NanniGaranzia",100.0,15.0,15.0,false,false,false,false,2.0,0.0,0.0,"NNN"
"90fab167-0f98-4942-ab4a-69f2d76bb4b3","RANKED_SOLO_5x5","BRONZE","IV","Caem8U2sM0RWHEeQMZ4jT-KO0ZE3_cfmKNMDva0o6NfQNpUO","xXxMORTERxXx",0.0,41.0,51.0,false,false,false,false,,,,
"45472e06-3a01-47bc-bcc7-92fc02286e72","RANKED_SOLO_5x5","BRONZE","IV","g4JmeYF9FDJo4qYUqZnVHGzNx4Zfj9mOZaGpe8uZh3HpfYOV","Lind The King",52.0,5.0,12.0,false,false,false,false,,,,
"e6298409-f3c0-49f4-b91c-fd87e64f904d","RANKED_SOLO_5x5","BRONZE","IV","kUVyyaOm2tSy5CCgTsiK9VjYtwH-KNcNsE_QZ1hz8ywsrKpQ","FenixAER",35.0,8.0,15.0,false,false,false,false,,,,
"e5d31146-162e-49c4-89e8-9e41736b7b15","RANKED_SOLO_5x5","BRONZE","IV","XoZaL7FTWYnCWIIccqgLZLLKeANj6Rfn-ql6yM1lpNk9rEVj","BLACK EQUINOX",0.0,4.0,7.0,false,false,true,false,,,,
"a631bfd7-e4eb-4ce1-b059-fe0bd5d4b2ae","RANKED_SOLO_5x5","BRONZE","IV","9GQchx3lIQuTzwf7GsX-9K7kgvxAW7_3qj_vPQp5cWX_gqbI","Archimonder2000",31.0,17.0,18.0,false,false,false,false,,,,
"7a62144b-fc57-49e3-8486-bc01bb2176de","RANKED_SOLO_5x5","BRONZE","IV","-YbJHNRjQRoRao7_H255_9vH2qhzmP7gbZOj5ehT1lFnRL98","troisse",81.0,19.0,20.0,false,false,false,false,,,,
"ae635d51-070b-4f08-8b7f-dd12208c7662","RANKED_SOLO_5x5","BRONZE","IV","xl9yLmym3hFSrr960P4UlXXhMq1XkhJZsisislIJ1qarOTP_","gatta3jeek",76.0,26.0,29.0,false,false,false,false,,,,
"34b79d7d-e9d5-46b8-9e04-53610c264101","RANKED_SOLO_5x5","BRONZE","IV","g0JSyrNNLMOCdy-Y3eayETOrLkBVCoCzuKDgaXfKlipCNmUA","sify42",67.0,10.0,13.0,false,false,false,false,,,,
"49e3ba4d-f929-4803-b440-df28445f2e7a","RANKED_SOLO_5x5","BRONZE","IV","22eJYlXxMsr3_YyU9CbtrAlo7kmAtOUj4Edeg2vc-K5E7_cC","Sbas7on",48.0,9.0,18.0,false,false,true,false,,,,
"8f23ded8-58c5-40e3-869f-4ce5042414b7","RANKED_SOLO_5x5","BRONZE","IV","A1HIY5aCTtqLga6W-Qvkv769gz_TGtqLmjiVdZkeIKgvmWi4","Semmy3vi",42.0,11.0,7.0,false,false,false,false,,,,
"d269c5cb-8aa1-4695-8c50-64d1d79f2092","RANKED_SOLO_5x5","BRONZE","IV","EA5SKNnaVkfCk1rdLzSSoasKEjzc2N8ONP4YX2WquMkVbvv0","Ivoryy",12.0,11.0,20.0,false,false,false,false,,,,
"537bcd07-0a68-46fe-9f23-21bb0f6e25b6","RANKED_SOLO_5x5","BRONZE","IV","IYO99YpyXjeV2DONNsjU3Z1VnegNvaHuaGRdMfbaK37g_fXO","chein111",50.0,29.0,42.0,false,false,false,false,,,,
"037a2d38-4355-43cf-a6f6-570c262f2b1b","RANKED_SOLO_5x5","BRONZE","IV","xkUhwBIefFLOe7eL5j20cVzrybSxnNu_UJxgHPk88KB5Xx1w","OMG du noop",78.0,46.0,60.0,false,false,false,false,,,,
"50d94a98-3b43-4364-b826-be87fb26f489","RANKED_SOLO_5x5","BRONZE","IV","BHYaDy77S_JN5mTfNv715PwayaEEuoHXvvhF8omuspAeaubn","Acorncheese",93.0,24.0,26.0,false,false,false,true,,,,
"43662911-4f31-442f-8cf3-bbbda5d84b1d","RANKED_SOLO_5x5","BRONZE","IV","vJnb2jAhI8c-ErTAEL6lGQmAoC-Q-7x-2Fg06_Ryjvw7E-0p","Tonypandy Pwff",62.0,89.0,99.0,false,false,false,false,,,,
"068a1ac2-fdff-42f0-8070-7ba621a03431","RANKED_SOLO_5x5","BRONZE","IV","Qq0QHXL-V_Qrhs1WfPPR3go5XV5o6nH92Zy_PRNRl5VxS13n","UndergroundSun",33.0,26.0,34.0,false,false,false,false,,,,
"a581a1c8-8509-493c-bfea-0f6ff3da99a3","RANKED_SOLO_5x5","BRONZE","IV","G4iHssZH954_A0rgduL1jKdqq9kfIxH8v1SzGwFolwASrAWD","Fentyrob",48.0,8.0,21.0,false,false,false,false,,,,
"9aa83468-dcc2-4ff4-8d5a-d330faff2976","RANKED_SOLO_5x5","BRONZE","IV","O0w19xxmVi5HWy9f6_ce5QYevkagfN6ZnBGT_OnU1spNcLXU","DreamRunner123",7.0,5.0,15.0,false,false,false,false,,,,
"8ea7fb7c-696b-464a-a89d-6afbc0cfca2b","RANKED_SOLO_5x5","BRONZE","IV","TuL5Z0hV8wPy4m8XOA21hyYtES2c10l0Xfhvzd1u-0oFUqfK","xTheD4rknessx",15.0,6.0,6.0,false,false,true,false,,,,
"90ef5380-87e4-4b7a-93eb-5b0b94676f0f","RANKED_SOLO_5x5","BRONZE","IV","lY9J__4N2HvblR-Dr8tT5BC1j10GlSfdkm-slgPrF1gSoATC","SlimKiller64",15.0,27.0,31.0,false,false,false,false,,,,
"2af890cf-ecbb-45f1-8cff-030a93c43fe7","RANKED_SOLO_5x5","BRONZE","IV","1Wh33XMifkHGl7rzTpbPLQWAGG_W-NWy3hUJ9NDVjV9xyhKJ","GibbsGazz",64.0,15.0,9.0,false,false,false,false,,,,
"ed7d6ff7-8060-48de-831c-27cc6f0e7d23","RANKED_SOLO_5x5","BRONZE","IV","vx-ML__jG2zUCPuOmqFbvZxOHtNgc57b7vPKv5tLEtawUFXD","negagamer018",16.0,134.0,161.0,false,false,true,false,,,,
"2edb595b-a2fd-410b-9b1d-12713a674534","RANKED_SOLO_5x5","BRONZE","IV","qiseFcX4j07lK0RTmrBAEkJ9Fw5cXRrzTZGV4nZSiCDoLUuH","xxxnevirxxx",21.0,6.0,11.0,false,false,false,false,,,,
"e8606d3a-ab57-4e27-be55-4171fd99ee2d","RANKED_SOLO_5x5","BRONZE","IV","saP9gZhZJVJMYtXj0VBjLSOxkYUlsw2C77PCsih6zj1lbtbv","Jagharlitenpp",19.0,4.0,13.0,false,false,true,false,,,,
"3a9a680a-3aa9-463b-beec-d40f7647f88d","RANKED_SOLO_5x5","BRONZE","IV","27BP-qEQzMwVG-qiubhj2GTCJIUuW_rMTYsCNr7tV5UYB0V9","loosalotplayer",14.0,2.0,8.0,false,false,false,false,,,,
"1f4ade3d-0aeb-49d5-9b8e-b052ba29e0ae","RANKED_SOLO_5x5","BRONZE","IV","igCZgOfeOByWGOzTbGl6tZbYf3PTWU_Okygs_iK9quv557OL","Kebab78",100.0,25.0,23.0,false,false,true,true,2.0,1.0,0.0,"WNN"
"9662a7a1-69a4-4491-a62f-f4466faea685","RANKED_SOLO_5x5","BRONZE","IV","4OxvVc4qNGhgHTa-CSMJgvsrDCNhGDuzWMA1PxaU4b2HBmL1","garmanarmanarg",2.0,4.0,6.0,false,false,false,false,,,,
"7b549988-a290-4fb8-bec2-c821ea50e346","RANKED_SOLO_5x5","BRONZE","IV","U2dye9iBd4QWalwxzRhcv_ef2bHniv0EH2I1WWzpbpS3bdAI","sharkneido",45.0,40.0,26.0,false,false,false,false,,,,
"69d179b1-387b-4d8f-a235-2b7d723fede6","RANKED_SOLO_5x5","BRONZE","IV","V3GOOIaOqRf7oWks-tlDAQa8x2KzdyAceuqALcJBi3D56zy5","OnlyNOP",47.0,14.0,16.0,false,false,false,false,,,,
"9d1092ee-0e78-4e7d-a7a7-053b580db71e","RANKED_SOLO_5x5","BRONZE","IV","LFO7NXoi9WA50TSPSXmXzWauf3CGFa1UMQ3EotdMLiSxmPAb","n0sale",55.0,12.0,3.0,false,false,false,false,,,,
"81f6c5c7-4041-476d-9b87-6bc134122152","RANKED_SOLO_5x5","BRONZE","IV","fCH_nnOkWPwrG5V5vwsN-2RV-CC_lQzCmQULr9N68EtTqWMz","Trambolik14",0.0,6.0,15.0,false,false,false,false,,,,
"e9ee04de-3591-4272-84cc-f5d91ac02010","RANKED_SOLO_5x5","BRONZE","IV","rEKJFJ_Qx0oKODXloJI0EWl7vPnhsvPXGSeb3mUvDpI39bc9","DZsuper1234",0.0,11.0,18.0,false,false,false,false,,,,
"450ad3c8-54f1-46f7-b850-ca9acfc10f45","RANKED_SOLO_5x5","BRONZE","IV","-YaoBZ7FMnZrtA1T6nvp4HzgTjFDYDgk7Iey7PYWK7e4j9xu","Only the 5 acc",9.0,4.0,6.0,false,false,false,false,,,,
"adbdaaac-ba3b-4efa-bb7f-d7c6eb4815d6","RANKED_SOLO_5x5","BRONZE","IV","r56cxSKWq2gTeKgpVDyeT3Fz3PCa7hyguKMTJt1mjXZJ0G1C","titandejupiter",23.0,4.0,10.0,false,false,false,false,,,,
"96c2d5f5-bac3-4717-ad72-45f9a0bf121b","RANKED_SOLO_5x5","BRONZE","IV","9wzAi5e7kwWUKY3QilesO-fKeZjqXzw7PRLwPAPFgfNqUit8","TheBlueDevil85",100.0,26.0,20.0,false,false,false,false,2.0,1.0,0.0,"WNN"
"b6062f25-4619-4b5d-bde3-7208505de4f4","RANKED_SOLO_5x5","BRONZE","IV","SjNQ660voh8H1lnatlWGnSiDnZMByXamwU3bZs_lZpa70uI1","SOLOCHAMP1",18.0,5.0,5.0,false,false,false,false,,,,
"db35135f-cf0f-42e3-a1fa-32c2d03f0acb","RANKED_SOLO_5x5","BRONZE","IV","CW-sdnFXYYHop8YoCjCQAyH7BR9hTFcS0d3wEAntfHob85DI","Bayron XD",100.0,30.0,30.0,false,false,false,false,2.0,1.0,0.0,"WNN"
"54098597-de9f-48bc-bc80-ca38313e63d7","RANKED_SOLO_5x5","BRONZE","IV","4_T4UquqB9bHwXHlH-FTMN-zVhPVKUNxYrZ0nx1hyJgt5jv-","imabadyi",75.0,11.0,18.0,false,false,false,true,,,,
"e0145178-5e75-47cc-9e64-c1e5bc38712b","RANKED_SOLO_5x5","BRONZE","IV","NjI4XkwpGJBShsYnTQjEa29OZENudsbSYjNF1l3JMhHNdxbj","IkbamsGroot",71.0,14.0,14.0,false,false,false,false,,,,
"76002ff8-68f3-4ac9-bbb1-42d5ed7e6c6b","RANKED_SOLO_5x5","BRONZE","IV","XGCys0M4yUqC8LRfUcgBpy4P0UlY1zWzloxH5eUnC9-avVv2","athena53",0.0,6.0,11.0,false,false,false,false,,,,
"d9236575-4a71-44cd-8df9-99a05b9da9c0","RANKED_SOLO_5x5","BRONZE","IV","RGSOUA4ADG9FMOwohOfu9hKXieK5HMBqP6k4ehfCCvIU_FnO","KiG05",33.0,15.0,27.0,false,false,true,false,,,,
"43cb1b36-0128-4164-81f8-9120e07c0a73","RANKED_SOLO_5x5","BRONZE","IV","6YUHfk3jW9mF-onj-7D11URhHNWSPjpDy9B4rNO7kuveTqEC","Spy Teemo",35.0,9.0,10.0,false,false,false,false,,,,
"036bd548-a083-441d-8d1c-9f35f1dd7638","RANKED_SOLO_5x5","BRONZE","IV","HKVCC_lsM2hFTvkDf37lsPdiMGZ0aAVYgNNs8QlMJy4qfgOr","Jorwund5",81.0,53.0,61.0,false,false,false,false,,,,
"60fd965a-e5f8-4808-8aef-8a5f33f354a3","RANKED_SOLO_5x5","BRONZE","IV","AQffJ3zOY4HfF5DvCv0jeBgujZAQLXt67dKD0hRiGzveWDeu","badboy el man",0.0,164.0,167.0,false,false,true,false,,,,
"46d74d9a-b006-4fcd-a559-529c94f98cf4","RANKED_SOLO_5x5","BRONZE","IV","f1HP4u5GKEwU46NuKfuI5tSsLLBDAYufJBYHyL-DvihT0y6K","Da4kSide",67.0,35.0,31.0,false,false,false,false,,,,
"351673a1-a7e1-41e1-b399-6c31951b4cb7","RANKED_SOLO_5x5","BRONZE","IV","lCOQbC00IRZM6FjorA5vNfYaj2YnkCQvmSN5sV5oICW6InlX","Rulillo",0.0,10.0,17.0,false,false,true,false,,,,
"fa3349ab-da14-400d-8b2f-cc061eb8e7ba","RANKED_SOLO_5x5","BRONZE","IV","N4Bg9KRLDwTlSvpOK4pzyME6XmEnhykdzLFLpH55LsMKZBHy","JfK8899",27.0,21.0,29.0,false,false,false,false,,,,
"5ac79a1a-7379-4108-b452-327ee502cd45","RANKED_SOLO_5x5","BRONZE","IV","xnyQVGEqNbury6KcLtZaW7-2BF5OkPTlLCz-ON20nlHNmIfa","Barfry34",0.0,29.0,37.0,false,false,true,false,,,,
"9763b64a-509d-4b0f-a3ae-023700b069fc","RANKED_SOLO_5x5","BRONZE","IV","sMIPJhGK6IERRf7gVZE7sWf8sYizm8P0kpo-aFoaF7dtTyuN","mamaspatatje",90.0,22.0,29.0,false,false,false,false,,,,
"d9947be9-dc89-431e-9fbc-a17a762d74a1","RANKED_SOLO_5x5","BRONZE","IV","kFy_PM_35VJUuydBZrEDWBADVdFtbJBIpwgWIm7xB34cvpe2","dudolfje",77.0,14.0,16.0,false,false,false,false,,,,
"d7a654a0-e3d7-443a-9c4d-3ace46a2f18d","RANKED_SOLO_5x5","BRONZE","IV","TrkLVYAcC621gnH3Yx9_DsEPNC0TlOyIxs2EGH8TscwSbjy2","pyllo diaS",100.0,9.0,6.0,false,false,false,false,2.0,0.0,1.0,"LNN"
"45dbbb44-f0bf-4a6d-aa92-c841547169e2","RANKED_SOLO_5x5","BRONZE","IV","1-csAagPS0YuSBWY0-RQcL_MNuICAkD-YOWihjA1W-3T-2F3","MarroBeuh",71.0,77.0,86.0,false,false,false,false,,,,
"5c736925-7671-4b35-92f8-1cac657b08c2","RANKED_SOLO_5x5","BRONZE","IV","s-vTPmq7R6NNBKrqKVWBW0QRwtm5H5rbdvHdbmc2rusoHwQz","Stormagetton",30.0,7.0,3.0,false,false,false,false,,,,
"4c421ac2-68bd-45f1-b584-5be7b43ab38d","RANKED_SOLO_5x5","BRONZE","IV","LxXLVDWS6A7rhnY8RT8wQgZcmwlGju0DePu40iCmINIQkcpc","Warter",0.0,15.0,20.0,false,false,false,false,,,,
"d9c125f5-2072-4147-af98-7cceba0558af","RANKED_SOLO_5x5","BRONZE","IV","-XQXdgZVfe90wPoNaII5Q5-T6ROMG0veGYmbMk2wF7KuLk3x","STI BOUQ",58.0,24.0,34.0,false,false,false,false,,,,
"dc674bd3-7a32-44c6-9054-61e0338cde71","RANKED_SOLO_5x5","BRONZE","IV","UkTtHf8LNvWmP1SSaxSXYMKjW0arnTEzP3C7qrub4JPoY9gj","Țaric",72.0,16.0,13.0,false,false,true,false,,,,
"ef8aa3f0-47b7-4054-87c7-140acb076469","RANKED_SOLO_5x5","BRONZE","IV","_ECgE5TazpjUGO_1--5_0nVbgYkSw7TOd__5cpKLRYByPH0B","Spinnerratz",87.0,17.0,14.0,false,false,false,true,,,,
"0aa453f4-f5dc-45cf-8358-a33f5413a55a","RANKED_SOLO_5x5","BRONZE","IV","hKRROzbHHyaKhg2At3-i9A1rzLj_Dp1l4XWJHSNq4ARowcaf","su1n3G",100.0,11.0,7.0,false,false,false,false,2.0,1.0,0.0,"WNN"
"b47f5b5e-9142-454e-a153-4ef0ba73e898","RANKED_SOLO_5x5","BRONZE","IV","BdngK-kJf_HMRsW73W9XquN-a74hDF7AsYRnHtN86siiEdyN","Tr4kT0r306",93.0,6.0,4.0,false,false,true,false,,,,
"05402be2-731c-4bb0-8b4c-d33bec094aef","RANKED_SOLO_5x5","BRONZE","IV","Cac_iV0H1NcBqz5zIEedw4pKCfXhMKJhjoRsvgpJJzz1iDJ7","BlueNightt12",0.0,9.0,12.0,false,false,false,false,,,,
"56dbf253-8d16-41f8-85f5-babd834917c3","RANKED_SOLO_5x5","BRONZE","IV","7W9O7MW9rZiD-KCliDU0IrOUcyTL8ioTfiDVoQNrSUX9CZBS","WASPWASABI",23.0,7.0,11.0,false,false,false,false,,,,
"f4dcab4d-8ce5-431c-9bca-d7ecbeb4803f","RANKED_SOLO_5x5","BRONZE","IV","E4EkicKcPdoSHFhZo7SxBbSETuzPSX2b8YmGBA1mUGNVGR6s","noroshima12",0.0,71.0,89.0,false,false,true,false,,,,
"1cc67dc1-6dc7-470d-8303-cc568edaf433","RANKED_SOLO_5x5","BRONZE","IV","DtJraKt_U2mr-VTgqi8Uuc0j4_UjYVUfWZrx2CR9URaKHOu7","princessparadise",0.0,4.0,9.0,false,false,false,false,,,,
"23e04955-b022-4dcb-981a-3d3e7d4de309","RANKED_SOLO_5x5","BRONZE","IV","2ZHaFc1H4UP85NH50bZcECJiFegY4q2HCaYdxWhaawy757JB","LaSnicelis",5.0,5.0,5.0,false,false,false,false,,,,
"674c8ea7-5f85-43e7-8714-b94573ac5c3d","RANKED_SOLO_5x5","BRONZE","IV","G0-OtP3rYXy88JjMZK9yNtHx7cAmbPV7CnP0pJlbb7OxcwQC","OzanRK",66.0,30.0,38.0,false,false,false,false,,,,
"4c80f053-d8c5-449c-851e-8989a36071c8","RANKED_SOLO_5x5","BRONZE","IV","7GM8kG1Vqfzxeo0NL5hbgxXMhxOAIVzcXp_SADiMViN0L_3I","marcushorndog",25.0,44.0,41.0,false,false,false,false,,,,
"62f679a6-584b-4a51-82fa-b19ad62244a1","RANKED_SOLO_5x5","BRONZE","IV","9R9z6zJmDZcWuGb7mOKYVPoJQ03Mu9QczmADDg6T69XKvnzi","rayding2",97.0,7.0,7.0,false,false,false,false,,,,
"478b0e34-c41d-4fe4-9109-032a7efc92ee","RANKED_SOLO_5x5","BRONZE","IV","dXg6QPg3FohA4kHR2AMvnmIVpZLzky7XlTYwejMZNSdw743C","PoweRZuzu",88.0,8.0,11.0,false,false,false,false,,,,
"c0e2f7b2-78e9-4d45-b146-35c81ddc074e","RANKED_SOLO_5x5","BRONZE","IV","-a5xXkvV9bNbuMTGzz5s0FqHU6JU2NjCnP1DKKT_xJNXXgg7","MrDiamondXD",49.0,8.0,7.0,false,false,false,false,,,,
"cfcca281-fa17-4953-9fc9-bdf7a0c9362a","RANKED_SOLO_5x5","BRONZE","IV","1UldLfAcor5alk0HxzcdumNlyGx2QSUHPFHC9BoeIXFr4ay8","KarmaOGs",35.0,3.0,7.0,false,false,false,false,,,,
"2fe08cbc-5c65-4272-ae49-6e14458c5ed4","RANKED_SOLO_5x5","BRONZE","IV","QDi5n85fGAOO8x-MbsfAeqJA08Q8d4mZPCqM7571kopIeH9-","ghammouri",88.0,9.0,2.0,false,false,false,true,,,,
"1d4d5191-1e6a-4718-8c08-34df498ea0c9","RANKED_SOLO_5x5","BRONZE","IV","yOEsB54FjkGEDjst9UZMYiZIxJhNGSPy944p_nFsqiHyvfaa","verquerr",0.0,18.0,19.0,false,false,false,false,,,,
"f0201086-95bf-4c30-8dd2-ddcbe268d391","RANKED_SOLO_5x5","BRONZE","IV","Ct9EI1p9x7m75ljGHhDEaMgGV0zUq2J8-0drhDyr-VoG98Ch","AlFaris129",78.0,137.0,143.0,false,false,true,false,,,,
"425e7e97-4ed0-47c6-ad9d-010d21970db3","RANKED_SOLO_5x5","BRONZE","IV","JG36I9bDCutUir1GCQ3YZTJelGTs1oM3-Aqp8TD58xV7GUDN","xDimeeT",98.0,13.0,12.0,false,false,false,false,,,,
"1d83d800-b3a0-4fec-834d-6c58d2c8e46f","RANKED_SOLO_5x5","BRONZE","IV","qAxqIiTWG-GoC_4KxzpodXCnfvILsUP_UHuP_s_azLpk6xiH","pedropps16",25.0,59.0,64.0,false,false,false,false,,,,
"82a638a3-3af2-4210-8938-27aa17283f4b","RANKED_SOLO_5x5","BRONZE","IV","xhL8N4p6nAKlkiY-_oHeX00LSoWj0kX267AcglVY4eLLo8t7","MaDGuybrush",44.0,11.0,16.0,false,false,false,false,,,,
"b7a01fdd-dc03-4371-860d-113d99dc8fb0","RANKED_SOLO_5x5","BRONZE","IV","ciBkvOihEAefZ3X4p7ZnK7zJf8b83UWwoUBZ6DrExuSn7Y7c","ONERNTC",45.0,23.0,28.0,false,false,false,false,,,,
"10c9f2a1-9518-46f3-a199-1cc79028b279","RANKED_SOLO_5x5","BRONZE","IV","xEdV7su841aRgH6ioa9fQv1bj48hJAOAVipXl-0qmEOQ43zP","ByQuadrix",54.0,24.0,26.0,false,false,false,false,,,,
"857a613f-67ca-47f6-928a-d3469bb0b04d","RANKED_SOLO_5x5","BRONZE","IV","wrNV2VvS0jWWnyJdCVVhpPKAgYVyH9A1qSufN0M1z7wG1dUd","Fujiin78",64.0,52.0,42.0,false,false,true,false,,,,
"94ffe2c6-54fa-40f8-a131-7bf7f0a8dde7","RANKED_SOLO_5x5","BRONZE","IV","Cdd_P8fOGLwOWg0d9K09CXMSijYpfe2w4NNeBZglf2moH1dv","MagicoPixelo",48.0,13.0,18.0,false,false,false,false,,,,
"4a11d665-aa16-4a0f-953c-99641433d7a1","RANKED_SOLO_5x5","BRONZE","IV","oBVAaGqYbwONSPkCDMMQO0uB5xauCYwSw6ym06gmRY_lNQn3","didacfaker",14.0,39.0,48.0,false,false,false,false,,,,
"b19c250c-d910-4eb7-af9b-74a11c86d109","RANKED_SOLO_5x5","BRONZE","IV","Noj1rEJIXLS-ESpwFbiwjmk-yaAEDL9RHRgBOeFA4YcasUMq","Irataa",75.0,61.0,77.0,false,false,false,false,,,,
"176d3f39-8d23-4a69-9340-de5f864b2cfd","RANKED_SOLO_5x5","BRONZE","IV","Lwx8Y7JIFQxrZG-x3x4KP2mJK8EaytlEP02R9n832S5IgRuK","KxnFetti",83.0,7.0,14.0,false,false,false,false,,,,
"b3932520-c7a0-463e-945b-50571ef83e56","RANKED_SOLO_5x5","BRONZE","IV","6cYE8sIpD2Wsnp-_jL24cHnhi2s29Wpqz-RS28qWIk8BbO-o","BK24",74.0,91.0,95.0,false,false,false,false,,,,
"2b33b7cb-7d5e-48da-8570-c2f146e8c55d","RANKED_SOLO_5x5","BRONZE","IV","x5CG_ES9tCFvup_6lfivhcCUGXfXeSxHES4hE29eKO4EzyFM","Grostuff89",57.0,7.0,13.0,false,false,false,false,,,,
"093a3ef0-f36c-4b54-944a-757a77ba41d5","RANKED_SOLO_5x5","BRONZE","IV","UKyDC72TEVpZoUjLjQXb5QDijUP9szloRc8viZBv2vHaTxxv","Ubasti",70.0,4.0,16.0,false,false,false,false,,,,
"e190b5cc-a452-40d0-8f88-28734809851b","RANKED_SOLO_5x5","BRONZE","IV","_8eKJ81PhuYtxuUIHn21r34_qYNm9rwSJngEIgXsskswWHMV","Pierrite94",44.0,5.0,5.0,false,false,false,false,,,,
"6e9e7552-ea52-4979-9493-b0d372a577fb","RANKED_SOLO_5x5","BRONZE","IV","Mml-TutQ7fpHNeSb4Z4IQnMQFV-zK_BALinFythoRvA66tCs","WillDeFriture",76.0,11.0,13.0,false,false,false,false,,,,
"78a49730-b2ba-4b15-873a-f4c34f16a149","RANKED_SOLO_5x5","BRONZE","IV","9BmArHR5mxUn-Es0HMFZxCprLX35cZVp0ARGAdfl3g-c0q_c","NoneParadoX",100.0,8.0,4.0,false,false,false,false,2.0,0.0,0.0,"NNN"
"ff3f26b9-b6fe-4bd3-8663-6fc80099a27c","RANKED_SOLO_5x5","BRONZE","IV","l50_QAi-6Lm5M8sxzFof-Oow-MWwmU5Dd5oaNsX9Nbkfvdje","xXMrsFinster",30.0,35.0,33.0,false,false,false,false,,,,
"1bbd96d4-5001-4e1b-918b-0942f82932b2","RANKED_SOLO_5x5","BRONZE","IV","CYFGsnvJeRfkdGCvUpLJO4obmSn41wWUZD37yeYZapJLWFTg","H1ddeN SaMa",59.0,10.0,10.0,false,false,true,false,,,,
"eb0a6a7e-4ac3-4432-94e1-9518534fc412","RANKED_SOLO_5x5","BRONZE","IV","Esu6BlcapyBNQZihblYP3mtBhWE6PT_j8QNy2pfDLsmGPCXp","NØshàne",75.0,11.0,0.0,false,false,true,true,,,,
"c117179b-8aaa-4235-aab8-a970b5d5ad13","RANKED_SOLO_5x5","BRONZE","IV","rmqICWm8paio_A3tTpJCx_BPuqkjUh4vqzzpybbuYHPd406S","xbicho888111",64.0,3.0,7.0,false,false,true,false,,,,
"e4567da3-87ec-46c6-8183-ba11a130a764","RANKED_SOLO_5x5","BRONZE","IV","z3f7DawkXnlpDF9W8Vxu2Idc5MNTAAz9JIaCYewg1jM6XEpr","B1mpel01",32.0,6.0,8.0,false,false,true,false,,,,
"2ff89082-f038-4248-8247-aff654574c0f","RANKED_SOLO_5x5","BRONZE","IV","Q3yv2vVfgTYvvowDvr96BLWwGB1GvxkWTsir-HjYKPijJQ5f","blackmambamimi",79.0,9.0,8.0,false,false,false,false,,,,
"06960414-77a1-4463-9a6a-42a8a5572e06","RANKED_SOLO_5x5","BRONZE","IV","0WqofAewQhTN9AAZoIWBSyEdGg9jgYPDC8Ofk7bPj2HFDlM_","Kra7av4ek",47.0,9.0,7.0,false,false,false,false,,,,
"4ddcfdf9-b782-41fe-83da-476639f8cea2","RANKED_SOLO_5x5","BRONZE","IV","PEq0tGJlSE7r08e6vllH39BYE--vx1dgpRNQ06PXGlRPO_xx","zarttan18",100.0,10.0,9.0,false,false,false,false,2.0,1.0,0.0,"WNN"
"bf91ef48-6fc5-4b06-bbb5-6411b801bd80","RANKED_SOLO_5x5","BRONZE","IV","NNCB5rtbZ_QpVz00Czq33Dv0NUZ1rV8sNYcA2F5FMjIPOLyf","Viroking",98.0,24.0,26.0,false,false,false,false,,,,
"f2c8aabb-dc0c-4595-a0a8-e6bb4d30dd6f","RANKED_SOLO_5x5","BRONZE","IV","v2FqJUL_Aa4WjSQA3X3svXUp3YgPwrmUYcl3XZFxeNHZHuNk","IMilkshakeI",32.0,3.0,8.0,false,false,false,false,,,,
"9f7da9bf-e719-42f8-9095-deb7656cc55c","RANKED_SOLO_5x5","BRONZE","IV","_N_cZCZwJPjfDSsygQrjKdcSiBByd9wGeIJ_qm00oVS5z__n","CSahcene",60.0,9.0,16.0,false,false,true,true,,,,
"378a6d92-3514-4b2c-80bc-d4b197ced70e","RANKED_SOLO_5x5","BRONZE","IV","9d_1ZWrAwyA-izJlHemkhcuMYt2TQ0UOuegXnhyUsLhHKSHR","ramanujan22",72.0,7.0,6.0,false,false,false,false,,,,
"cd209d11-389f-4b21-a0d5-0ed135b6dcd1","RANKED_SOLO_5x5","BRONZE","IV","1nz1Kd6AWjjgLn_WukT8xFY1V2KKYyOJGLnxZdO_RnO473jV","CiZimonkey",91.0,7.0,3.0,false,false,true,false,,,,
"b9a4f995-3dcd-4d79-a440-38e420b2e560","RANKED_SOLO_5x5","BRONZE","IV","YZAs_t0XnFLYeL_H6hyo9vPYQxniqFBMfOko73BiVNSzZ9a3","C0ntrolink",68.0,13.0,19.0,false,false,false,false,,,,
"fc7d10a3-f872-4379-91a5-8fc462f6e476","RANKED_SOLO_5x5","BRONZE","IV","01cVrWhBiTBnyJD-AmR_8DnM0a6R3wCZNIygmIY7Jo5IVvzU","PspXDplYT",0.0,7.0,6.0,false,false,false,false,,,,
"f8a428ef-bc08-46fe-8731-62df94036f46","RANKED_SOLO_5x5","BRONZE","IV","UA_WkXOc6su2J7GEoA3BYNyTnuZEqfIpRbpPYGajB6GnmYdy","AKASH1",0.0,57.0,65.0,false,false,false,false,,,,
"894fbcc0-f2df-4c7d-941b-d1f31e1ab015","RANKED_SOLO_5x5","BRONZE","IV","Uxw_K3tabx3MDvMkf-oUs5LGul6IyAiN34O6_wtahs5HzdPs","J0s1f Stalin",52.0,10.0,6.0,false,false,false,false,,,,
"5e36e47a-aaaf-401f-be94-f931ca7af2d5","RANKED_SOLO_5x5","BRONZE","IV","S3NjC2S583Ts0FsupvKoFlja07pTvZv0ouja1xGwyit0oD_M","davidbionicPT",39.0,17.0,27.0,false,false,false,false,,,,
"ab638383-a336-4d26-86c9-9dff27388448","RANKED_SOLO_5x5","BRONZE","IV","ZhbYRoMUcCnTwTNsNyb7lQzP5nw06TP8_6729pIoqx3bI9Dv","chyuka",0.0,17.0,14.0,false,false,false,false,,,,
"6f098dca-6626-4911-919d-01854fb30431","RANKED_SOLO_5x5","BRONZE","IV","g_pQRgh5rPbv4sYuAX_BNggn2iuvZyFXQVieTSjSYi-_182Y","LordBlauFux",58.0,21.0,26.0,false,false,false,false,,,,
"4ebe9766-b098-48d9-94ec-d64f4626d32d","RANKED_SOLO_5x5","BRONZE","IV","WL2ibJGpg2Eb1pPie8M0_uiNi18MPaHcGUj1ZO0RHKpZuy7V","HeroFistShadow",5.0,4.0,16.0,false,false,true,false,,,,
"fcb26201-9e7c-44ce-99e8-3a9206253924","RANKED_SOLO_5x5","BRONZE","IV","BtZf_yVvksOezmonHhgo5G9ap8qi1IoXW2C0CkpSzrwqu14P","Davemen25",77.0,94.0,106.0,false,false,false,false,,,,
"3e1aebf7-d2f1-4a55-b867-11cc472927b7","RANKED_SOLO_5x5","BRONZE","IV","yTmrFKE95nUds7Uu5TpLdABBWKewBBfiw58davWiJ-mgp27Z","Touchumaru",75.0,34.0,61.0,false,false,false,false,,,,
"d7fb8b89-48c2-4d80-9b38-9d594b8c30fa","RANKED_SOLO_5x5","BRONZE","IV","5CevwWWtSUouW2L4raVZori6uH0dj25h3r1H_ZkA8rh4CBL0","MagnumIC",89.0,6.0,4.0,false,false,true,false,,,,
"0cac0656-ec7d-4e34-8e43-efb409f51705","RANKED_SOLO_5x5","BRONZE","IV","YAFXDHfV8Ioy-eHmJ0tus2SwPpDk92kympK1wYXYqScmRXDc","PrinceIVs",57.0,26.0,21.0,false,false,true,false,,,,
"a0d538ba-8bc2-4cfa-b145-606c53865fde","RANKED_SOLO_5x5","BRONZE","IV","GUgbckFBFbjvbJ6tA-DzFJQ80oVjEnIaZq9TxNzWIfAuWuWT","master MagicK",21.0,31.0,29.0,false,false,false,false,,,,
"5ecedd6e-146a-4455-8e23-6baefc29e2d8","RANKED_SOLO_5x5","BRONZE","IV","m1wzRC74CFshahZST6WaSP4gWPMlg-TqBT72n_Aj1uYdUWtS","Frikidecorazon",81.0,79.0,78.0,false,false,false,false,,,,
"1f4afc43-cb80-4b08-91fe-6b05a2700c37","RANKED_SOLO_5x5","BRONZE","IV","Xjk-vM4f1l-cRNSV0-ztHR8Z6JCj2yF0EhsGoTXzYcub7hpc","Ninjageden007",26.0,14.0,15.0,false,false,true,false,,,,
"b698521a-79b7-44c0-b170-2a42691b0eec","RANKED_SOLO_5x5","BRONZE","IV","6dOSB3mYkSpRk1pI2lRms6axAuTI9pCx2JDvPCey4IfC6tvm","Miss Diarrhea",0.0,7.0,5.0,false,false,true,false,,,,
"9aea4fcb-5e2b-44a1-889f-c77de673a490","RANKED_SOLO_5x5","BRONZE","IV","6YVNpLzZwpLVusXfoLz_SfMRZqALqpxKL0opvx3U5-Xhnwat","Saïterrib",6.0,14.0,19.0,false,false,false,false,,,,
"644adb92-4ba6-4e07-b3f7-a1f0f9081bd7","RANKED_SOLO_5x5","BRONZE","IV","NTs4RmjIfSHKn3s08cFlELEbE0lyxDUupo7kDnrZ4krlLcJF","BBerry1410",22.0,7.0,4.0,false,false,true,false,,,,
"5a5d3c02-d55e-465a-8b03-7106f5d26cf8","RANKED_SOLO_5x5","BRONZE","IV","E2Ahla5XAiGyejRbsmOcnfCPhtD6tG0AuinvEnmHzxHKCOKB","Doiitsu",85.0,16.0,18.0,false,false,false,false,,,,
"c93e4433-2f31-4347-b752-6752e76ca650","RANKED_SOLO_5x5","BRONZE","IV","eiS7MlIuQkb-2w9iMXgLLd02qZadahBxerkVu4mLPtjZvTCq","AndreasKolez",0.0,7.0,6.0,false,false,true,false,,,,
"8bb69829-8fd6-483a-ad65-c1b113fc400e","RANKED_SOLO_5x5","BRONZE","IV","jYHHtkBVMGIlt5Boj7h49qe6KjKkIllwjdF1paNVMBw1Nm8Z","nasrallahJM",34.0,13.0,14.0,false,false,false,false,,,,
"3cec8735-7d17-4fbf-b4bf-59fb4b7bbffd","RANKED_SOLO_5x5","BRONZE","IV","nva-pbBzpnltaNnc-j1uMwAOv5jNOEvTYX5oqh-7QitmvYTw","Battlefox",28.0,11.0,14.0,false,false,false,false,,,,
"c9f67721-cd9c-446b-9ae6-8ded69ecc59b","RANKED_SOLO_5x5","BRONZE","IV","Br55ut9a4Jjb2je2p8XmK12HVdWQuJVoraYCIyMPTMGO1G31","Wellp III",72.0,7.0,8.0,false,false,false,false,,,,
"0ef4e3e5-e264-4718-ba7b-72de91593f95","RANKED_SOLO_5x5","BRONZE","IV","XopVbQinoIQn65bYlPfKMtzPiGtwYaJj0alxh_WeAoLtRjb3","WiloowilD",66.0,27.0,48.0,false,false,false,false,,,,
"969be23d-b3c5-4557-a2c6-0f7bfa1e62aa","RANKED_SOLO_5x5","BRONZE","IV","4Pm1Mkx7LKnGd8E8dLt6G8odixp3w388Suuldg8cFpN5Xuji","mlTulip",83.0,6.0,4.0,false,false,false,false,,,,
"e69d506f-aeaf-4fca-afc1-d5e01e627136","RANKED_SOLO_5x5","BRONZE","IV","8LFb4GkGCkR7rOI2brfCcaKIg-iNYdsUiJ0JRskJH5qeGQPB","N0 MORE BETS",80.0,36.0,41.0,false,false,false,false,,,,
"78cf58bd-e5ab-44c6-bad9-73abfe0cddd3","RANKED_SOLO_5x5","BRONZE","IV","mbmuhsq6d2H-0XeELDG-zVieg0N_ix1Mc4bIfzyHhGgd1OnU","Milå",100.0,5.0,7.0,false,false,false,false,2.0,0.0,0.0,"NNN"
"855deba4-4eba-4efc-b230-77780800a9d7","RANKED_SOLO_5x5","BRONZE","IV","C5dJfwE19pNDXBdV0c7jZHyLI2q7f3qBcIX_bCcLEhM2145b","PischNelke",75.0,21.0,24.0,false,false,false,false,,,,
"a0b88b68-4629-4f5c-886a-98c095c7ffcb","RANKED_SOLO_5x5","BRONZE","IV","IN4Dbghv5XlOb41Soh-vGYrGAchZT9btyqzrCvW1pVSZF-Vt","AlinaRiven",35.0,5.0,7.0,false,false,false,false,,,,
"8ae855b2-ef07-457c-b30c-4ba4dc44e13c","RANKED_SOLO_5x5","BRONZE","IV","D3tsIetL-NEhfbAGKi9Kyokv96UM0bpSiaau2fjiZUaEoCYN","RedTortueNinja",5.0,22.0,16.0,false,false,false,false,,,,
