/tier,/leagueId,/queue,/name,/entries/summonerId,/entries/summonerName,/entries/leaguePoints,/entries/rank,/entries/wins,/entries/losses,/entries/veteran,/entries/inactive,/entries/freshBlood,/entries/hotStreak
"CHALLENGER","5ae26d6d-c07a-3d29-ae0f-1ac9ca4a4f4a","RANKED_SOLO_5x5","Varus's Villains","KCw8Lw0iIycGYd0F6DQB9uFI5HbgZF_Ta4odRtn5_3-T0nox","Mephistο",921.0,"I",100.0,68.0,true,false,false,true
"CHALLENGER","5ae26d6d-c07a-3d29-ae0f-1ac9ca4a4f4a","RANKED_SOLO_5x5","Varus's Villains","TCVkGljSjRY9Gl2IV5IaxbbO7rLxQEIMdUqkcRXBZXyXeBc","Guubi1",590.0,"I",152.0,117.0,true,false,false,false
"CHALLENGER","5ae26d6d-c07a-3d29-ae0f-1ac9ca4a4f4a","RANKED_SOLO_5x5","Varus's Villains","2BXhQWFtoegcMjAxbAVSYsEepZ3QbNWSKXgmiNU239vmkmc2","Life is wave",757.0,"I",116.0,86.0,false,false,false,false
"CHALLENGER","5ae26d6d-c07a-3d29-ae0f-1ac9ca4a4f4a","RANKED_SOLO_5x5","Varus's Villains","_frVTBx9-uT6K2X5TIdBGiLKkUtsIAoY5dWDpRfwgj97Bec","Razørk Activoo",1662.0,"I",146.0,79.0,true,false,false,false
"CHALLENGER","5ae26d6d-c07a-3d29-ae0f-1ac9ca4a4f4a","RANKED_SOLO_5x5","Varus's Villains","IWwv7rSW0pc4zQDw8mAryyc1dWOwo5VsthxJBmRbybYd8fqU","mosquito reborn",704.0,"I",178.0,150.0,true,false,false,false
"CHALLENGER","5ae26d6d-c07a-3d29-ae0f-1ac9ca4a4f4a","RANKED_SOLO_5x5","Varus's Villains","qF1wZ3PskNxY8cZ34ZHEKFtrjt0831F5TDjUI2tXAXPk3wY","ZombieKungen",700.0,"I",142.0,122.0,false,false,false,false
"CHALLENGER","5ae26d6d-c07a-3d29-ae0f-1ac9ca4a4f4a","RANKED_SOLO_5x5","Varus's Villains","SgawCHpAI2OZlcVbSx3Duwo05j1k-Yz26_rGC53NweLnfw4","Yustin Bieber",772.0,"I",148.0,120.0,true,false,false,false
"CHALLENGER","5ae26d6d-c07a-3d29-ae0f-1ac9ca4a4f4a","RANKED_SOLO_5x5","Varus's Villains","JGpNh14gmlTYItPqus7CyR8r-PMPfFdpE1dKYiRgUjaUFAU","Phantomles",576.0,"I",113.0,86.0,true,false,false,false
"CHALLENGER","5ae26d6d-c07a-3d29-ae0f-1ac9ca4a4f4a","RANKED_SOLO_5x5","Varus's Villains","ipYFYQ8VgmikEMynNOG2r4gz66z236VBjX7RDnC3BeL4HUg","Kite Machine",860.0,"I",103.0,69.0,false,false,true,false
"CHALLENGER","5ae26d6d-c07a-3d29-ae0f-1ac9ca4a4f4a","RANKED_SOLO_5x5","Varus's Villains","57hMbMCNbBu1q-3oJQl6ZanJDwa3gkCOeojVnmJz7HAGUq0","TraYtoN",589.0,"I",137.0,118.0,false,false,true,false
"CHALLENGER","5ae26d6d-c07a-3d29-ae0f-1ac9ca4a4f4a","RANKED_SOLO_5x5","Varus's Villains","eY8febOh5sSQoGiS3CHP5_cgVhwoPebqrOdKAvJMxFuyYpA","ME LIKE IT THICC",1049.0,"I",101.0,60.0,false,false,false,true
"CHALLENGER","5ae26d6d-c07a-3d29-ae0f-1ac9ca4a4f4a","RANKED_SOLO_5x5","Varus's Villains","Vlebxky2FQVS8tzSov6HI_FqqJVRH3GNYApoddiAJ4ftVuY","Jolinbo97",589.0,"I",252.0,234.0,false,false,false,false
"CHALLENGER","5ae26d6d-c07a-3d29-ae0f-1ac9ca4a4f4a","RANKED_SOLO_5x5","Varus's Villains","GKJcXGB8j1LWntkQy1rWHCAHFAGtMvKUJxy7cP0jsMxsqMA","PFLOCKND1NEBRUST",921.0,"I",138.0,111.0,true,false,false,false
"CHALLENGER","5ae26d6d-c07a-3d29-ae0f-1ac9ca4a4f4a","RANKED_SOLO_5x5","Varus's Villains","odAXUqW87cRjXxv_ZZXHkv0Y5pb7SWmqI60hErrKiCEdJGic","repose",587.0,"I",107.0,72.0,false,false,false,true
"CHALLENGER","5ae26d6d-c07a-3d29-ae0f-1ac9ca4a4f4a","RANKED_SOLO_5x5","Varus's Villains","OBSsrQyMbNRe8XZbvLENg0yDbAwkHC-WlpCaQOW_lBi0ugnT","Chainless Simeon",621.0,"I",132.0,105.0,false,false,true,false
"CHALLENGER","5ae26d6d-c07a-3d29-ae0f-1ac9ca4a4f4a","RANKED_SOLO_5x5","Varus's Villains","jF89dsvgHOgMS-f6uv-zakgjvDOM_XSwQ0QqI0dVcIYRB_Q","DeviantDarkHorse",509.0,"I",267.0,247.0,false,false,true,false
"CHALLENGER","5ae26d6d-c07a-3d29-ae0f-1ac9ca4a4f4a","RANKED_SOLO_5x5","Varus's Villains","4q3pdUXDusp6Hw72d8ffc8mrKBBJe3Nl-jKuLK7xsouFZM0","Porkchetta",629.0,"I",190.0,157.0,true,false,false,false
"CHALLENGER","5ae26d6d-c07a-3d29-ae0f-1ac9ca4a4f4a","RANKED_SOLO_5x5","Varus's Villains","PPFFni6m46HcyN6WdNeKJwpP6obSL6e_INFwgcDQjpSnPjU","Slemp",544.0,"I",92.0,72.0,false,false,true,false
"CHALLENGER","5ae26d6d-c07a-3d29-ae0f-1ac9ca4a4f4a","RANKED_SOLO_5x5","Varus's Villains","ULEQOntYXD46PAewHU5SYgMRpvIZIUAMrNXimKsUL4WtiRb4","TwTv Drututt",933.0,"I",214.0,183.0,true,false,false,false
"CHALLENGER","5ae26d6d-c07a-3d29-ae0f-1ac9ca4a4f4a","RANKED_SOLO_5x5","Varus's Villains","rd1FVwT4LR5MG-j9JAHg_4A_sQUd4DLbGENSJ_M6jzBBEUc","Mr Brightsíde",633.0,"I",165.0,146.0,true,false,false,false
"CHALLENGER","5ae26d6d-c07a-3d29-ae0f-1ac9ca4a4f4a","RANKED_SOLO_5x5","Varus's Villains","Y6tFDs7tUM3XU0mvYywCcYZZ7v9cRsjWVRIfLxE22XM5","Gimgeren",780.0,"I",195.0,165.0,false,false,false,false
"CHALLENGER","5ae26d6d-c07a-3d29-ae0f-1ac9ca4a4f4a","RANKED_SOLO_5x5","Varus's Villains","jTAXVr4-rs-x2xWwFi_rY7BN2xVHAcFydje-kHlMgBnjB9OJ","OG Destinyy",639.0,"I",156.0,113.0,false,false,false,false
"CHALLENGER","5ae26d6d-c07a-3d29-ae0f-1ac9ca4a4f4a","RANKED_SOLO_5x5","Varus's Villains","W5tkA_RCt1bFXrBL9GQ_eoXN6krtUaoMAy3e54TnsCp-sTc","MCES Djoko",1126.0,"I",248.0,200.0,true,false,false,false
"CHALLENGER","5ae26d6d-c07a-3d29-ae0f-1ac9ca4a4f4a","RANKED_SOLO_5x5","Varus's Villains","KR28Tv3_TMHAYSPqSPREG6ySW_Cs1mGCBpNM2pxSxarNGn4o","phlphlphl",612.0,"I",296.0,268.0,false,false,true,false
"CHALLENGER","5ae26d6d-c07a-3d29-ae0f-1ac9ca4a4f4a","RANKED_SOLO_5x5","Varus's Villains","OySXXkrNpy2M8xXkDUHWPdXuIxblZOvBh2x3pgXY7ypgvfg","BAF AT THE GAME",646.0,"I",112.0,90.0,false,false,false,false
"CHALLENGER","5ae26d6d-c07a-3d29-ae0f-1ac9ca4a4f4a","RANKED_SOLO_5x5","Varus's Villains","MRXoqORmEiP7ktsTYRrJkYSxmBrSGv5a536sWpd6U1yeIIGt","Yndellyd",738.0,"I",208.0,185.0,true,false,false,false
"CHALLENGER","5ae26d6d-c07a-3d29-ae0f-1ac9ca4a4f4a","RANKED_SOLO_5x5","Varus's Villains","GCk7kXmS7Qb7ihB1gFkb8AE3hRikwHtFqgRh84eVGiqFXEM0","YoutubeRANGERZX",715.0,"I",84.0,59.0,false,false,false,true
"CHALLENGER","5ae26d6d-c07a-3d29-ae0f-1ac9ca4a4f4a","RANKED_SOLO_5x5","Varus's Villains","x_Q2qLJxNX_WDdBMfDhOVZrBIWJGW_tciL7CX7Zx45NOL2JJ","BornThisWay7",548.0,"I",131.0,96.0,false,false,false,false
"CHALLENGER","5ae26d6d-c07a-3d29-ae0f-1ac9ca4a4f4a","RANKED_SOLO_5x5","Varus's Villains","isCeHZJZ8ls-_SZa1xzr5aEIsBttFHYxThMDEerTrZMWkegn","Reverse Katawina",716.0,"I",220.0,165.0,true,false,false,false
"CHALLENGER","5ae26d6d-c07a-3d29-ae0f-1ac9ca4a4f4a","RANKED_SOLO_5x5","Varus's Villains","T-JTe1S2BGxSip_jnjcbz8XWMoXOMABySAKsOOaEa-rS0RE","CookieLoL",1015.0,"I",184.0,159.0,true,false,false,false
"CHALLENGER","5ae26d6d-c07a-3d29-ae0f-1ac9ca4a4f4a","RANKED_SOLO_5x5","Varus's Villains","KTwCiQyRNYfg_RPL5cBzxmjXPXAtabyzB_0XojM03bDygdc","Ronges",543.0,"I",159.0,136.0,false,false,true,true
"CHALLENGER","5ae26d6d-c07a-3d29-ae0f-1ac9ca4a4f4a","RANKED_SOLO_5x5","Varus's Villains","1jZWlrvh7OdDNiZ33qfCBX8VmtRnExT9hocQ4rUIw7w_x00","FNC Nêmesis",855.0,"I",114.0,96.0,true,false,false,false
"CHALLENGER","5ae26d6d-c07a-3d29-ae0f-1ac9ca4a4f4a","RANKED_SOLO_5x5","Varus's Villains","9t3NBP358Kht3D8l9JR0msra7YReWvsZXQRRYQ9Be-AaLQY","I am LeBron v2",760.0,"I",273.0,251.0,false,false,false,false
"CHALLENGER","5ae26d6d-c07a-3d29-ae0f-1ac9ca4a4f4a","RANKED_SOLO_5x5","Varus's Villains","rDt2LVN86Qp9pa2SjMjN1qHhI3ZyeN4W5jG8JrQtoUerBhs","kpd1",571.0,"I",151.0,123.0,false,false,false,false
"CHALLENGER","5ae26d6d-c07a-3d29-ae0f-1ac9ca4a4f4a","RANKED_SOLO_5x5","Varus's Villains","h-EidjdYFOKKFrk0LJWTT2OywelD-cSKeAfB_6CYxCiE5_D2","Red Winter",906.0,"I",140.0,90.0,false,false,false,false
"CHALLENGER","5ae26d6d-c07a-3d29-ae0f-1ac9ca4a4f4a","RANKED_SOLO_5x5","Varus's Villains","GGz14S-qa65iRTxi_CCqyJuHRMOYzwdJ_fGLOk0x6vLWZy8","Fütak",1065.0,"I",267.0,222.0,true,false,false,false
"CHALLENGER","5ae26d6d-c07a-3d29-ae0f-1ac9ca4a4f4a","RANKED_SOLO_5x5","Varus's Villains","kRwP13dN9zaEXWqU9muIrhOT4kGmdimYnja3OtmyaetnbvQ","FNC Pride",773.0,"I",114.0,83.0,false,false,false,false
"CHALLENGER","5ae26d6d-c07a-3d29-ae0f-1ac9ca4a4f4a","RANKED_SOLO_5x5","Varus's Villains","XBfGVlVz_y1bnr_liXds5_TUK8ZKwwZcKpXjVaUtrLbjVDk","Efias",892.0,"I",116.0,85.0,false,false,false,false
"CHALLENGER","5ae26d6d-c07a-3d29-ae0f-1ac9ca4a4f4a","RANKED_SOLO_5x5","Varus's Villains","UHrtBcb99lcpi7OlBRrvyOhOOLuaSEOOVzJ-UtpEZbOl5zVg","Esrucnl",554.0,"I",234.0,209.0,false,false,false,true
"CHALLENGER","5ae26d6d-c07a-3d29-ae0f-1ac9ca4a4f4a","RANKED_SOLO_5x5","Varus's Villains","MCOXzL5rmONuGqSeREN8XKFtSzX-jwL8AMzeRSxiNYMNUHU","Gaëthan",559.0,"I",254.0,235.0,true,false,false,false
"CHALLENGER","5ae26d6d-c07a-3d29-ae0f-1ac9ca4a4f4a","RANKED_SOLO_5x5","Varus's Villains","Z2WQoZU4iAO6Kz4VqufAEMp-_QiVU0Y_uLBKRg1BLvr70o56","SALUT A TOUS ",803.0,"I",163.0,130.0,true,false,false,true
"CHALLENGER","5ae26d6d-c07a-3d29-ae0f-1ac9ca4a4f4a","RANKED_SOLO_5x5","Varus's Villains","xOj2QHvnNEZS0UjFfZYI0hOVBRv77NubnDHWQJayfhX0","Evio",546.0,"I",157.0,133.0,false,false,false,false
"CHALLENGER","5ae26d6d-c07a-3d29-ae0f-1ac9ca4a4f4a","RANKED_SOLO_5x5","Varus's Villains","v0eS9z9IfEKsDrrcWRJ4NSqaZrMcAD88LT9Uj29m_8v5QIg","S04 Gilius",989.0,"I",154.0,121.0,true,false,false,false
"CHALLENGER","5ae26d6d-c07a-3d29-ae0f-1ac9ca4a4f4a","RANKED_SOLO_5x5","Varus's Villains","4T9vxyy5kQmBYTD4b4quGcGwNiI30zq5AUZbeN3lb4r5KXs","EL BARDOOOO",617.0,"I",92.0,65.0,false,false,false,false
"CHALLENGER","5ae26d6d-c07a-3d29-ae0f-1ac9ca4a4f4a","RANKED_SOLO_5x5","Varus's Villains","ke-cyVnKy_yX9bFJGxRQDzHme1z11bhlesUT-Cv5RWv7H7k","Dragdar",606.0,"I",239.0,218.0,false,false,false,true
"CHALLENGER","5ae26d6d-c07a-3d29-ae0f-1ac9ca4a4f4a","RANKED_SOLO_5x5","Varus's Villains","vwwaaGfeITT4i1fh5nt-qEJhbRkeVi3MXYjGsXP83UpnCBY","Envy Carry",680.0,"I",329.0,321.0,true,false,false,false
"CHALLENGER","5ae26d6d-c07a-3d29-ae0f-1ac9ca4a4f4a","RANKED_SOLO_5x5","Varus's Villains","Eb_VTcAWxKZTBpCp6XxvWWl4UGX9HIdjsArvkKO5XrKQMoo","Jαvier",584.0,"I",132.0,121.0,true,false,false,false
"CHALLENGER","5ae26d6d-c07a-3d29-ae0f-1ac9ca4a4f4a","RANKED_SOLO_5x5","Varus's Villains","lZPiBUmuPLnl1L-a7nmyuycP44bljLIdEtPU2XI-gez59jg","Byzza",563.0,"I",192.0,161.0,false,false,true,true
"CHALLENGER","5ae26d6d-c07a-3d29-ae0f-1ac9ca4a4f4a","RANKED_SOLO_5x5","Varus's Villains","RG7iiYK2VpR1joY-ZuhjZmhIwAwhJC3Tz9QvC3YxzVsVwDk","xKenzuke",808.0,"I",122.0,100.0,true,false,false,false
"CHALLENGER","5ae26d6d-c07a-3d29-ae0f-1ac9ca4a4f4a","RANKED_SOLO_5x5","Varus's Villains","V7VF_-btBsTOHPYIsAaKtma9Fn6ysKUGeeXyyZOhAFW7z02C","Oswaldo Mobrey",542.0,"I",139.0,121.0,false,false,true,false
"CHALLENGER","5ae26d6d-c07a-3d29-ae0f-1ac9ca4a4f4a","RANKED_SOLO_5x5","Varus's Villains","7icV8PQGwJ7BeBYWoQpbYAjQh9XtP9UB101e-QJOrq5u6X4","Six10",724.0,"I",128.0,103.0,false,false,false,false
"CHALLENGER","5ae26d6d-c07a-3d29-ae0f-1ac9ca4a4f4a","RANKED_SOLO_5x5","Varus's Villains","uOidt0DTajNUuDcCqa05j1YJuGUaFlKEmxDaBmtlUxX0Wnw","Anime 05y",548.0,"I",175.0,153.0,false,false,true,false
"CHALLENGER","5ae26d6d-c07a-3d29-ae0f-1ac9ca4a4f4a","RANKED_SOLO_5x5","Varus's Villains","IF27-yQ8sQGsIGTuAdtSTBk2dbqQZ_Wf4-Tka6on-uRr_J4","S04 Sleeping",589.0,"I",205.0,185.0,true,false,false,true
"CHALLENGER","5ae26d6d-c07a-3d29-ae0f-1ac9ca4a4f4a","RANKED_SOLO_5x5","Varus's Villains","DH0YGPjizB1CgKlvMpjcG7hEyR4QiozJ8XszSy9HFGQ9QJk","JEAN RAOUL SCOUT",565.0,"I",108.0,83.0,false,false,true,false
"CHALLENGER","5ae26d6d-c07a-3d29-ae0f-1ac9ca4a4f4a","RANKED_SOLO_5x5","Varus's Villains","c4N7hAaPmL8dcIR02HNlGBGbWXzHhmlYAjMuDqxuOMF0s2A","dplex",586.0,"I",112.0,96.0,false,false,true,true
"CHALLENGER","5ae26d6d-c07a-3d29-ae0f-1ac9ca4a4f4a","RANKED_SOLO_5x5","Varus's Villains","3_id2T_mCKpgiDWJcUjA-z1j35C8GubXuUYTI-cvlRMaTq8","Milicaaaa",767.0,"I",184.0,164.0,true,false,false,false
"CHALLENGER","5ae26d6d-c07a-3d29-ae0f-1ac9ca4a4f4a","RANKED_SOLO_5x5","Varus's Villains","An57mcFiirvv-ZO160hX-hmYum8I_2zOMw2LlB6wSIvXqUs","lur1keen",1079.0,"I",225.0,181.0,true,false,false,true
"CHALLENGER","5ae26d6d-c07a-3d29-ae0f-1ac9ca4a4f4a","RANKED_SOLO_5x5","Varus's Villains","Gzi3ONb1RuQjR7nSDD_eAge1KiUgsv2iWXR9k5Uvewg8FfUW","Shending LP",802.0,"I",152.0,128.0,false,false,true,false
"CHALLENGER","5ae26d6d-c07a-3d29-ae0f-1ac9ca4a4f4a","RANKED_SOLO_5x5","Varus's Villains","g3e4r5xpVMhOcGF9BaLBVoMi-3FchHB1qX8ziyU9BsSSBHI","Chau damn su",575.0,"I",144.0,109.0,false,false,false,false
"CHALLENGER","5ae26d6d-c07a-3d29-ae0f-1ac9ca4a4f4a","RANKED_SOLO_5x5","Varus's Villains","70Y6OmJUo1limyyIkVxR4Oz8xeJHlo76HUyejEfLQjWh57c","Yoppaa",623.0,"I",172.0,146.0,true,false,false,true
"CHALLENGER","5ae26d6d-c07a-3d29-ae0f-1ac9ca4a4f4a","RANKED_SOLO_5x5","Varus's Villains","XlAXtaOFMdLO7vjF8e5p-rvQlUIco8nj9ziLP0ECKpHi-GY","Practice",640.0,"I",85.0,58.0,false,false,false,false
"CHALLENGER","5ae26d6d-c07a-3d29-ae0f-1ac9ca4a4f4a","RANKED_SOLO_5x5","Varus's Villains","pMA4EIyNk9avg87TWSBYgX9rltPZEc_LC7hQKnfMIuuRs1c","qweasdf",766.0,"I",170.0,151.0,true,false,false,false
"CHALLENGER","5ae26d6d-c07a-3d29-ae0f-1ac9ca4a4f4a","RANKED_SOLO_5x5","Varus's Villains","BPW-R_YiuugPmqmyehSnXpqhLUmNJ73bjZDUf9oCJTuK7Z0","iZeal",615.0,"I",79.0,51.0,false,false,false,false
"CHALLENGER","5ae26d6d-c07a-3d29-ae0f-1ac9ca4a4f4a","RANKED_SOLO_5x5","Varus's Villains","ODcaCvOedNyuZW-C3z_5jqMD2_5XMyWrTtP44-C3lwSfF0E","GIA Attila",788.0,"I",118.0,93.0,true,false,false,false
"CHALLENGER","5ae26d6d-c07a-3d29-ae0f-1ac9ca4a4f4a","RANKED_SOLO_5x5","Varus's Villains","NhDlwBbNTGaZC-vFfYHliLiM1rJpsIf_Ct1iEiPRCmj54LE","King Áir",582.0,"I",135.0,111.0,false,false,false,false
"CHALLENGER","5ae26d6d-c07a-3d29-ae0f-1ac9ca4a4f4a","RANKED_SOLO_5x5","Varus's Villains","qYQFTzCEWJLaplLiYuOomtfH_uZrsYT_VnlOF8mg0caNi10","Shiftfy",530.0,"I",139.0,105.0,false,false,true,false
"CHALLENGER","5ae26d6d-c07a-3d29-ae0f-1ac9ca4a4f4a","RANKED_SOLO_5x5","Varus's Villains","V7koRDgsO0CnBLUyMN3jPX0v17mkaN-PQT2V8flO64o-Lxs","EU Ghost",569.0,"I",91.0,65.0,false,false,false,false
"CHALLENGER","5ae26d6d-c07a-3d29-ae0f-1ac9ca4a4f4a","RANKED_SOLO_5x5","Varus's Villains","RwuEhCrjZK5GcSnt468IzTNukrJBBgM-Zp7V1BN6kYSFp6r-","RGO vvarion",785.0,"I",120.0,96.0,true,false,false,false
"CHALLENGER","5ae26d6d-c07a-3d29-ae0f-1ac9ca4a4f4a","RANKED_SOLO_5x5","Varus's Villains","NReo1m0aB79pwWzzn5LJy_tq9SJNxOOh8pEU6mBl3uMvL9Qj","FPΧ Lwx",767.0,"I",102.0,68.0,false,false,false,false
"CHALLENGER","5ae26d6d-c07a-3d29-ae0f-1ac9ca4a4f4a","RANKED_SOLO_5x5","Varus's Villains","ZjvCLtuvw8oeU2c3gnwljS0i21tA7h9fNqqy9CA3Z_bvJZ8","Doss The Boss",810.0,"I",147.0,117.0,false,false,true,false
"CHALLENGER","5ae26d6d-c07a-3d29-ae0f-1ac9ca4a4f4a","RANKED_SOLO_5x5","Varus's Villains","Cy-RqI7CoBD61kcWSQZxzXn1k6Eyr0_pca9dqYS0FVvpvZQ","MRS Fendras",550.0,"I",89.0,62.0,false,false,true,false
"CHALLENGER","5ae26d6d-c07a-3d29-ae0f-1ac9ca4a4f4a","RANKED_SOLO_5x5","Varus's Villains","pY8nWlK9uLAiEP9ivM_3m7JyqPm-boUadANo5uI_HTYlK20","OPL Eyliph",883.0,"I",76.0,50.0,false,false,false,false
"CHALLENGER","5ae26d6d-c07a-3d29-ae0f-1ac9ca4a4f4a","RANKED_SOLO_5x5","Varus's Villains","S17sxDno3PPiyznR7Z_IlG4KxQaQR651xvim-mKHgGjC9IE","BL Razergy",563.0,"I",78.0,57.0,false,false,false,false
"CHALLENGER","5ae26d6d-c07a-3d29-ae0f-1ac9ca4a4f4a","RANKED_SOLO_5x5","Varus's Villains","xNOxmksn_yHn9nJ9hYJ54PC6SNqYT5GdEQvmNtA2eBnUfhs","Advienne",883.0,"I",108.0,80.0,false,false,false,false
"CHALLENGER","5ae26d6d-c07a-3d29-ae0f-1ac9ca4a4f4a","RANKED_SOLO_5x5","Varus's Villains","Y7ja4MdF510jcQXReNKhrawVTSsFjEkVMwft6wUX2C8uRHA","AHG kamilius",847.0,"I",147.0,121.0,true,false,false,true
"CHALLENGER","5ae26d6d-c07a-3d29-ae0f-1ac9ca4a4f4a","RANKED_SOLO_5x5","Varus's Villains","-4YTMWwEwEYbkR8TuHKeKBLxRKMQtWNyQfGN3DpCSqGrfAkh","DP Oguzkhand",638.0,"I",79.0,52.0,false,false,false,true
"CHALLENGER","5ae26d6d-c07a-3d29-ae0f-1ac9ca4a4f4a","RANKED_SOLO_5x5","Varus's Villains","6V8GXHL6LrhkbdHUjV9ox0je0rgZ6fwlf8oEm3pfVpVU9rak","VTO",648.0,"I",229.0,211.0,false,false,true,false
"CHALLENGER","5ae26d6d-c07a-3d29-ae0f-1ac9ca4a4f4a","RANKED_SOLO_5x5","Varus's Villains","J8Ipls__1iE0_11P96_78rMCbnUzPNfl9qDsPDtn47JZWpEa","UFZ Akabane",582.0,"I",302.0,281.0,false,false,true,false
"CHALLENGER","5ae26d6d-c07a-3d29-ae0f-1ac9ca4a4f4a","RANKED_SOLO_5x5","Varus's Villains","Pis0nUDTShbiITkxrY6MAa0WvQFBHjN9p5HQ1Q6nHa54HHbc","SUP 113",811.0,"I",162.0,128.0,true,false,false,false
"CHALLENGER","5ae26d6d-c07a-3d29-ae0f-1ac9ca4a4f4a","RANKED_SOLO_5x5","Varus's Villains","tbg2ohTejB6g02v18FuZzZcGq-zMzW89UvxKGusCfk0YaNs","Divine Wukong",538.0,"I",166.0,143.0,false,false,true,false
"CHALLENGER","5ae26d6d-c07a-3d29-ae0f-1ac9ca4a4f4a","RANKED_SOLO_5x5","Varus's Villains","YCHDQCwnDW2lNzzXvh0QzaC-ICon00nvtrnMFBNw2Vvgnmju","Ersin Gören",608.0,"I",104.0,84.0,false,false,true,false
"CHALLENGER","5ae26d6d-c07a-3d29-ae0f-1ac9ca4a4f4a","RANKED_SOLO_5x5","Varus's Villains","VIWTM0ttYi8shoINwFK01O6uSllRjUY1ik1Fp5oxm11s18k","Leon Euler",866.0,"I",134.0,108.0,false,false,false,true
"CHALLENGER","5ae26d6d-c07a-3d29-ae0f-1ac9ca4a4f4a","RANKED_SOLO_5x5","Varus's Villains","TiqIR6XNFTwm0LKh9GD65YlSxvudSEmK0Aca5kh4TL0Tb3U","Iucker",847.0,"I",186.0,150.0,false,false,false,false
"CHALLENGER","5ae26d6d-c07a-3d29-ae0f-1ac9ca4a4f4a","RANKED_SOLO_5x5","Varus's Villains","5moqacD0uRd_soG3inEegGZNfPN6VMtCsQQ16C3PjPcFd8Dy","AdiTheGoodGuy",656.0,"I",66.0,40.0,false,false,false,false
"CHALLENGER","5ae26d6d-c07a-3d29-ae0f-1ac9ca4a4f4a","RANKED_SOLO_5x5","Varus's Villains","VxVJf5Xb3B7Tvt8BUJmFgbBNFRvBW_ZynKzzuddmbApPqWo","VP FANTA",548.0,"I",292.0,289.0,false,false,false,false
"CHALLENGER","5ae26d6d-c07a-3d29-ae0f-1ac9ca4a4f4a","RANKED_SOLO_5x5","Varus's Villains","a118PEwF16SP5sHfN-w_D-IzUNzDHxOP15QqH6ucOJMhETo","knighter",705.0,"I",220.0,202.0,false,false,true,false
"CHALLENGER","5ae26d6d-c07a-3d29-ae0f-1ac9ca4a4f4a","RANKED_SOLO_5x5","Varus's Villains","dGWSuCeoRpzYVhQv8G3PDFfH6cFHb_UZWeLlsduCygiNxdI","FNC MagiFelix",1106.0,"I",204.0,168.0,true,false,false,false
"CHALLENGER","5ae26d6d-c07a-3d29-ae0f-1ac9ca4a4f4a","RANKED_SOLO_5x5","Varus's Villains","y1G54uZfbjM1pLKDJxk19OwhdD_-TXWfYQ26ENFRJWIXyrI","MagiFaker",1474.0,"I",211.0,155.0,true,false,false,false
"CHALLENGER","5ae26d6d-c07a-3d29-ae0f-1ac9ca4a4f4a","RANKED_SOLO_5x5","Varus's Villains","zH5RmErxBybFRXxFEnvLginmJSx7W38ARO8s_0PJJPSaQZc","Wouf Wouf Player",551.0,"I",232.0,205.0,false,false,true,false
"CHALLENGER","5ae26d6d-c07a-3d29-ae0f-1ac9ca4a4f4a","RANKED_SOLO_5x5","Varus's Villains","v_zpQH1O45bTncINeR_Mg_clLXYQkJGEmJ-YcqFz3EhCc7A","WhiteKnight108",536.0,"I",140.0,127.0,true,false,false,false
"CHALLENGER","5ae26d6d-c07a-3d29-ae0f-1ac9ca4a4f4a","RANKED_SOLO_5x5","Varus's Villains","kqdoj9nAb8YuKwAP7LddtnIutJfMkXO09WDGCJusgtN4S8o","RGE lnspired",970.0,"I",180.0,155.0,true,false,false,false
"CHALLENGER","5ae26d6d-c07a-3d29-ae0f-1ac9ca4a4f4a","RANKED_SOLO_5x5","Varus's Villains","60z7KTtof8NrTpce7tL3-4NgQIWpSreJTcjXnOzzyZfaSa4","Odysseus131",583.0,"I",135.0,97.0,false,false,false,false
"CHALLENGER","5ae26d6d-c07a-3d29-ae0f-1ac9ca4a4f4a","RANKED_SOLO_5x5","Varus's Villains","IEtGmp_G3BjWO5GjRppdD7uLWDUxZDqTw107rS1IepUiA5Qt","DK Alois",708.0,"I",255.0,231.0,false,false,false,false
"CHALLENGER","5ae26d6d-c07a-3d29-ae0f-1ac9ca4a4f4a","RANKED_SOLO_5x5","Varus's Villains","lUrixr9OdEfQOE5Q2DH3iE3j_YmwLz5ZAEiLxRkK6OKwaCM","OG Homi",809.0,"I",153.0,117.0,false,false,false,false
"CHALLENGER","5ae26d6d-c07a-3d29-ae0f-1ac9ca4a4f4a","RANKED_SOLO_5x5","Varus's Villains","HEMV9uBE5RNhuEjCiSDPdBHE2ZGDHcqs0WaCSOVEshi1Xzk","Swaglord H1IVA",774.0,"I",224.0,205.0,true,false,false,false
"CHALLENGER","5ae26d6d-c07a-3d29-ae0f-1ac9ca4a4f4a","RANKED_SOLO_5x5","Varus's Villains","t2vV8cq6Hlf7i26H_b1Fr8mGQISd7Vmq1oCOz6dJ555Wxc0","DogeAlien",560.0,"I",59.0,29.0,false,false,true,false
"CHALLENGER","5ae26d6d-c07a-3d29-ae0f-1ac9ca4a4f4a","RANKED_SOLO_5x5","Varus's Villains","dsxR4w2ksy1wfterwhtnBz6qD23gNUnB3lwaF1l3lhejpM2j","schnell next",749.0,"I",250.0,214.0,true,false,false,false
"CHALLENGER","5ae26d6d-c07a-3d29-ae0f-1ac9ca4a4f4a","RANKED_SOLO_5x5","Varus's Villains","ojiqYdPoxTeDmtEFXa1fZHzRCQRvo59eP4SQvkrDQw2xUbjv","Speedγ",631.0,"I",131.0,110.0,false,false,false,false
"CHALLENGER","5ae26d6d-c07a-3d29-ae0f-1ac9ca4a4f4a","RANKED_SOLO_5x5","Varus's Villains","TT9vUgUuZ_zmenojZTlb5qJ4lDwG23CPx_AfjLQsffaFNEY","Pøseidøn",626.0,"I",125.0,99.0,false,false,false,false
"CHALLENGER","5ae26d6d-c07a-3d29-ae0f-1ac9ca4a4f4a","RANKED_SOLO_5x5","Varus's Villains","q4AsvnVtmtfWECnvpyrtJL9usCrsrQGYdbYM9aByNM3Or_I","EIyoya",1464.0,"I",164.0,113.0,true,false,false,false
"CHALLENGER","5ae26d6d-c07a-3d29-ae0f-1ac9ca4a4f4a","RANKED_SOLO_5x5","Varus's Villains","Rc0tpA6Iy8qni3Jm8VcY2miyXbq9waFuy2TrxMMGZ23ho7Y","16 yo Carzzy ",1314.0,"I",249.0,200.0,true,false,false,false
"CHALLENGER","5ae26d6d-c07a-3d29-ae0f-1ac9ca4a4f4a","RANKED_SOLO_5x5","Varus's Villains","IMAkXbtWoghg49oyeOBhvjrktTFKzMfbdpMglsv_ZBWH_s4","ItsJustYouAndMe",848.0,"I",105.0,78.0,false,false,false,false
"CHALLENGER","5ae26d6d-c07a-3d29-ae0f-1ac9ca4a4f4a","RANKED_SOLO_5x5","Varus's Villains","j7jBRakH_0BMSpkxsqaeAZdQm0XtXEZ5uFBkYEGKfBuHZ3FB","Viking Anton",978.0,"I",181.0,141.0,false,false,false,false
"CHALLENGER","5ae26d6d-c07a-3d29-ae0f-1ac9ca4a4f4a","RANKED_SOLO_5x5","Varus's Villains","BrExa7BwKZtkfJDydw4dEQVWnfWbAZpa71awBjybI1UiruFC","Ιgris",653.0,"I",130.0,52.0,false,false,false,false
"CHALLENGER","5ae26d6d-c07a-3d29-ae0f-1ac9ca4a4f4a","RANKED_SOLO_5x5","Varus's Villains","Qpy4pYk_njS5zGUVhWmAudrF0YEA-ikF2NlQm8BAYyzNb9M","Supaaa",1184.0,"I",235.0,197.0,false,false,false,true
"CHALLENGER","5ae26d6d-c07a-3d29-ae0f-1ac9ca4a4f4a","RANKED_SOLO_5x5","Varus's Villains","M1yUZds_dYL8fppwC8CgRz5nKvV7wADCOUROgt-tRb8kocg","Kryze",886.0,"I",119.0,90.0,true,false,false,false
"CHALLENGER","5ae26d6d-c07a-3d29-ae0f-1ac9ca4a4f4a","RANKED_SOLO_5x5","Varus's Villains","2Zu4_ZZbQWNuPNZTn9irMZJIHpkf2v7sVAfTh7DUPQRaVs8","Tanu",1173.0,"I",242.0,200.0,true,false,false,false
"CHALLENGER","5ae26d6d-c07a-3d29-ae0f-1ac9ca4a4f4a","RANKED_SOLO_5x5","Varus's Villains","8mLFfrh6i5GWQb6GshmulN9-lQNP0b38JxeKxw_oHEIZHQI","iRoxxzor",653.0,"I",103.0,81.0,false,false,false,false
"CHALLENGER","5ae26d6d-c07a-3d29-ae0f-1ac9ca4a4f4a","RANKED_SOLO_5x5","Varus's Villains","ll2Re2cWdVpVRyJU04rJoxNiNyqUfvulEYjiDNmgOR9pzl0","pls nerf ekko",628.0,"I",277.0,249.0,false,false,true,false
"CHALLENGER","5ae26d6d-c07a-3d29-ae0f-1ac9ca4a4f4a","RANKED_SOLO_5x5","Varus's Villains","B0dxVYZqCC457MxxXp_4pYrLXWwpRZUQl2fxS1JD6Gj42pE","LeChase",650.0,"I",142.0,115.0,true,false,false,false
"CHALLENGER","5ae26d6d-c07a-3d29-ae0f-1ac9ca4a4f4a","RANKED_SOLO_5x5","Varus's Villains","oG3cw7xHDKh104j6Hq_eUbxZ5rLFzXqY4fLSTf7cs79SlPQ","S04 Sertuss",858.0,"I",102.0,78.0,true,false,false,false
"CHALLENGER","5ae26d6d-c07a-3d29-ae0f-1ac9ca4a4f4a","RANKED_SOLO_5x5","Varus's Villains","Oe1rvg4mmpUbG8x5cMEte16m-95m-lwgvdLatMu8zZ_0Q67A","Hobbi5",732.0,"I",88.0,63.0,false,false,false,false
"CHALLENGER","5ae26d6d-c07a-3d29-ae0f-1ac9ca4a4f4a","RANKED_SOLO_5x5","Varus's Villains","OKNTCUFNPIttGhNn-d5cJ_aL5Wj8oNQM_ul0MYTPFzPnguc","Chrisberg",982.0,"I",251.0,213.0,false,false,false,false
"CHALLENGER","5ae26d6d-c07a-3d29-ae0f-1ac9ca4a4f4a","RANKED_SOLO_5x5","Varus's Villains","QfVPMP02gF5yFURstoq7IUB-WRHZj4ty4bj8omth9hKX","S2V Lvsyan",600.0,"I",160.0,142.0,false,false,false,false
"CHALLENGER","5ae26d6d-c07a-3d29-ae0f-1ac9ca4a4f4a","RANKED_SOLO_5x5","Varus's Villains","RSIYCmMLs_xSCYpPH7jzkWdUls5vjtyFypudg9jTn4H-34Y-","Dzu",874.0,"I",109.0,76.0,false,false,false,false
"CHALLENGER","5ae26d6d-c07a-3d29-ae0f-1ac9ca4a4f4a","RANKED_SOLO_5x5","Varus's Villains","yZyzxqKhK7yg3cvPtcjEKexKyz7ve5noKyJQr4SbHZAYSbA","the inescapable",929.0,"I",94.0,65.0,false,false,false,false
"CHALLENGER","5ae26d6d-c07a-3d29-ae0f-1ac9ca4a4f4a","RANKED_SOLO_5x5","Varus's Villains","Yd1GzXY1KUkqERLZ5Mr5A7lgEo9x-teCnFJo6WelMUgQbKs","35 Only ",546.0,"I",234.0,183.0,false,false,true,false
"CHALLENGER","5ae26d6d-c07a-3d29-ae0f-1ac9ca4a4f4a","RANKED_SOLO_5x5","Varus's Villains","c2XTDTGXkgcZe8o9NZUqqFsAZrSCJvag5aZW8qO6W5Wb5Xk","Dragane",780.0,"I",92.0,65.0,false,false,false,false
"CHALLENGER","5ae26d6d-c07a-3d29-ae0f-1ac9ca4a4f4a","RANKED_SOLO_5x5","Varus's Villains","ymJ2UCdtVN1njNL1Cm9qFpgDNPmry1rpAVvYZy0Fnvu1oZA","FNC Bwipo",1574.0,"I",202.0,141.0,true,false,false,false
"CHALLENGER","5ae26d6d-c07a-3d29-ae0f-1ac9ca4a4f4a","RANKED_SOLO_5x5","Varus's Villains","Wa7K6qELdtd4RhQkKhNamaS0C5-lfBdXC_MXBX0b8o8tXW1C","King Bravado",732.0,"I",144.0,110.0,false,false,false,false
"CHALLENGER","5ae26d6d-c07a-3d29-ae0f-1ac9ca4a4f4a","RANKED_SOLO_5x5","Varus's Villains","B0F0P4QGd5gmiAFoCZVZOFgC4uakvplJr-g5kUD3nCZayyQ","MonkWillCarry",1217.0,"I",283.0,233.0,true,false,false,false
"CHALLENGER","5ae26d6d-c07a-3d29-ae0f-1ac9ca4a4f4a","RANKED_SOLO_5x5","Varus's Villains","G4wNhqWgAqcIptE58FmVh4A852gKtI-76PAMWtijmVO1Lh8","White Wοlf",1106.0,"I",171.0,142.0,true,false,false,false
"CHALLENGER","5ae26d6d-c07a-3d29-ae0f-1ac9ca4a4f4a","RANKED_SOLO_5x5","Varus's Villains","d8vUeEi8Kn_D64gw3_JWC76m_ChF5l4zKWBgrDALdX_N8FY","S1 Saviour",568.0,"I",93.0,73.0,false,false,true,false
"CHALLENGER","5ae26d6d-c07a-3d29-ae0f-1ac9ca4a4f4a","RANKED_SOLO_5x5","Varus's Villains","z_41dMSpD7ZHatmrM1i47ojb38PMwN-v6tNKuwnYLNo-jAfG","Dog on a Leash",644.0,"I",249.0,208.0,true,false,false,false
"CHALLENGER","5ae26d6d-c07a-3d29-ae0f-1ac9ca4a4f4a","RANKED_SOLO_5x5","Varus's Villains","BohkP6ZrQb0bZNppjm1g3XuXAVswoRGn6PKxBlArJermJHM","liliiIlIIll",571.0,"I",232.0,210.0,false,false,true,false
"CHALLENGER","5ae26d6d-c07a-3d29-ae0f-1ac9ca4a4f4a","RANKED_SOLO_5x5","Varus's Villains","JjT3oZvVUmpgHh1AAc0sYswwVAuKUFj1Q0dDZ5XK4nJYAUo","bluerzor ",1106.0,"I",158.0,123.0,true,false,false,false
"CHALLENGER","5ae26d6d-c07a-3d29-ae0f-1ac9ca4a4f4a","RANKED_SOLO_5x5","Varus's Villains","aOjbxw_2nOX8wcCoAkLuYwTjUANM9KBaK9RM4W6thC5ILxU","geldin",691.0,"I",61.0,37.0,false,false,true,false
"CHALLENGER","5ae26d6d-c07a-3d29-ae0f-1ac9ca4a4f4a","RANKED_SOLO_5x5","Varus's Villains","KwgdOhQEf6Xmy4JlxCMbqd9LrgTD9DHIK_yvPNDs2cOojUA","DORIME MINION",586.0,"I",75.0,50.0,false,false,false,false
"CHALLENGER","5ae26d6d-c07a-3d29-ae0f-1ac9ca4a4f4a","RANKED_SOLO_5x5","Varus's Villains","dulZG4hWSr4mFGJj_qci0uZQah9K4wDbRBNKsIJdn7PNOzo","Pooga",579.0,"I",79.0,54.0,false,false,true,false
"CHALLENGER","5ae26d6d-c07a-3d29-ae0f-1ac9ca4a4f4a","RANKED_SOLO_5x5","Varus's Villains","fPJW2v0Q6FsNMp-E52yCH1WyfahL9NIB4C30r5xTts3UpRE","Novacorona",902.0,"I",254.0,227.0,true,false,false,false
"CHALLENGER","5ae26d6d-c07a-3d29-ae0f-1ac9ca4a4f4a","RANKED_SOLO_5x5","Varus's Villains","XCvKv6TvDymoKQ9_P8jityn9k5_DnVNT4WndTokigRff0v8","EL RAYOOOOOOOOO",854.0,"I",166.0,127.0,false,false,false,false
"CHALLENGER","5ae26d6d-c07a-3d29-ae0f-1ac9ca4a4f4a","RANKED_SOLO_5x5","Varus's Villains","YCjYeAWtseIytSU6HoVaeWVtvt8vt-3i8yYR8CBkMflBcJlg","Hedonisten",693.0,"I",130.0,40.0,false,false,false,false
"CHALLENGER","5ae26d6d-c07a-3d29-ae0f-1ac9ca4a4f4a","RANKED_SOLO_5x5","Varus's Villains","hEDzpcwXMgncsIG-SWF1dYFQI7vlmS1_O6YYvIrEC_n7WK4","Imai Cosmø",704.0,"I",170.0,140.0,false,false,true,false
"CHALLENGER","5ae26d6d-c07a-3d29-ae0f-1ac9ca4a4f4a","RANKED_SOLO_5x5","Varus's Villains","4LiqOU26whXZ7_X3uMa9NvumVnT2tF0U8Zmhl6ufxQ4eCw8R","Shadoooww",629.0,"I",120.0,69.0,false,false,false,false
"CHALLENGER","5ae26d6d-c07a-3d29-ae0f-1ac9ca4a4f4a","RANKED_SOLO_5x5","Varus's Villains","9AdfwwVw8QxOOQMgC-jX-rni3yl3p20X0RKMrdvSo33Ruds","xErdote",995.0,"I",124.0,93.0,true,false,false,true
"CHALLENGER","5ae26d6d-c07a-3d29-ae0f-1ac9ca4a4f4a","RANKED_SOLO_5x5","Varus's Villains","6jr7GBKXo11FvD0tS6VM01eYonu0oMvU4fhXOkKpkn3YK6QN","Sweety Corgi",524.0,"I",280.0,265.0,false,false,false,false
"CHALLENGER","5ae26d6d-c07a-3d29-ae0f-1ac9ca4a4f4a","RANKED_SOLO_5x5","Varus's Villains","RsO1IPcsap3TO4FlqYtzFfxFxf_tfwRCyacdNJgA0uBW49o","RGE1",960.0,"I",143.0,112.0,true,false,false,false
"CHALLENGER","5ae26d6d-c07a-3d29-ae0f-1ac9ca4a4f4a","RANKED_SOLO_5x5","Varus's Villains","fKBaO76dRo7C7v-z0-0KekRHB4XmN6M-ZdocjBNk4xW1Ib0","Xioh234",756.0,"I",189.0,168.0,false,false,false,true
"CHALLENGER","5ae26d6d-c07a-3d29-ae0f-1ac9ca4a4f4a","RANKED_SOLO_5x5","Varus's Villains","dfwYApU9xuKq_QuSxqfSSq4wZBQb1hBcWS2217w-RUNtkYPL","Rotten Tea",933.0,"I",178.0,147.0,false,false,false,false
"CHALLENGER","5ae26d6d-c07a-3d29-ae0f-1ac9ca4a4f4a","RANKED_SOLO_5x5","Varus's Villains","wXIh3CxMw2T7qDQfhKgMRlbeeZdfC9xUhquBugs8WuC5XAU","Houssem Àouar",611.0,"I",68.0,43.0,false,false,false,false
"CHALLENGER","5ae26d6d-c07a-3d29-ae0f-1ac9ca4a4f4a","RANKED_SOLO_5x5","Varus's Villains","hzqE2lbbyYuB_IyP8RkHczP3qRsKkKbTzOOWouVrncp_NvA","Kata Les Mécanix",837.0,"I",83.0,46.0,false,false,false,false
"CHALLENGER","5ae26d6d-c07a-3d29-ae0f-1ac9ca4a4f4a","RANKED_SOLO_5x5","Varus's Villains","SFgQ1MDZsl6ePEvF5PdRVGVy41pxCgHnFjih9pnCbz-CWCQ","LAWLESS FOXOSAUR",713.0,"I",129.0,105.0,true,false,false,false
"CHALLENGER","5ae26d6d-c07a-3d29-ae0f-1ac9ca4a4f4a","RANKED_SOLO_5x5","Varus's Villains","Xz8-ksLeEJGUoaEvRWd8Z0hpjkO2T7BKORgb_ri7khPlcEU","Rayito",632.0,"I",152.0,136.0,true,false,false,false
"CHALLENGER","5ae26d6d-c07a-3d29-ae0f-1ac9ca4a4f4a","RANKED_SOLO_5x5","Varus's Villains","BF26EMqAaNvE0A8pczInRVBjJYDJw8z_kiz-MMD2afZKSUI","Déadly",734.0,"I",160.0,137.0,true,false,false,false
"CHALLENGER","5ae26d6d-c07a-3d29-ae0f-1ac9ca4a4f4a","RANKED_SOLO_5x5","Varus's Villains","5fOXtCbiGhLJp7CBzi9TAo1kMPW0VxN4cxfbob7CkHToLGqH","Fizzy Bubbleh",592.0,"I",68.0,45.0,false,false,true,false
"CHALLENGER","5ae26d6d-c07a-3d29-ae0f-1ac9ca4a4f4a","RANKED_SOLO_5x5","Varus's Villains","ERrOleYZposiWssfU4myG9R10io4CizPOHn5TUdLQS735Kg","Farfetch1",658.0,"I",192.0,177.0,true,false,false,false
"CHALLENGER","5ae26d6d-c07a-3d29-ae0f-1ac9ca4a4f4a","RANKED_SOLO_5x5","Varus's Villains","14cnk-itttzURA0cvnRnezE3bCjFrKNtqWBT3L83rdtisq8","ROX Shiganari",677.0,"I",190.0,165.0,true,false,false,false
"CHALLENGER","5ae26d6d-c07a-3d29-ae0f-1ac9ca4a4f4a","RANKED_SOLO_5x5","Varus's Villains","8FUq_7BC8FM_QnL2IN_eB8WDJubBBN-JFKcTCDvwXom51HA","Agurin",1388.0,"I",283.0,221.0,true,false,false,false
"CHALLENGER","5ae26d6d-c07a-3d29-ae0f-1ac9ca4a4f4a","RANKED_SOLO_5x5","Varus's Villains","SzuPn8jeoJJG8MPXW9kDjC-n1zJAmdhMvSIWrUfj4oyuiIQ","Kaor1",562.0,"I",197.0,179.0,false,false,false,false
"CHALLENGER","5ae26d6d-c07a-3d29-ae0f-1ac9ca4a4f4a","RANKED_SOLO_5x5","Varus's Villains","WewmfgBqxaTaCNH0ev42If2-iYRqWnpTfCLRxIqBcpcojE0","Taikki",627.0,"I",135.0,116.0,true,false,false,false
"CHALLENGER","5ae26d6d-c07a-3d29-ae0f-1ac9ca4a4f4a","RANKED_SOLO_5x5","Varus's Villains","TVIh8xVZ4b3uVk7NDomdWpaQwf8Xl1OJuJZkNHymVAQPIKo","Noltey",853.0,"I",160.0,135.0,true,false,false,false
"CHALLENGER","5ae26d6d-c07a-3d29-ae0f-1ac9ca4a4f4a","RANKED_SOLO_5x5","Varus's Villains","8nlpZdc0LHAqAt8ezTPO0IAbLlWfMHk4iCedSRKVomDzX0A","MikyXD",760.0,"I",160.0,133.0,true,false,false,false
"CHALLENGER","5ae26d6d-c07a-3d29-ae0f-1ac9ca4a4f4a","RANKED_SOLO_5x5","Varus's Villains","mVmX8faPmZl3EYC_88nFufZLzS_8OE6ffNgehW2cVaxEgrc","AHG Freeze",1054.0,"I",167.0,135.0,true,false,false,false
"CHALLENGER","5ae26d6d-c07a-3d29-ae0f-1ac9ca4a4f4a","RANKED_SOLO_5x5","Varus's Villains","vIuypoQa9pSEohfUhiZEV8-fzDCrSLfP8T6jdlsnOgTAE8Q","Furuy",720.0,"I",110.0,81.0,false,false,false,false
"CHALLENGER","5ae26d6d-c07a-3d29-ae0f-1ac9ca4a4f4a","RANKED_SOLO_5x5","Varus's Villains","uZdwAr9qIW-J2N_c0fS0Twy1aqmborIzCXuwxwI_-TsSgxk","HungryPandaLoL",616.0,"I",256.0,229.0,true,false,false,false
"CHALLENGER","5ae26d6d-c07a-3d29-ae0f-1ac9ca4a4f4a","RANKED_SOLO_5x5","Varus's Villains","AjgNPFmfLCscYtLMM1-9sCsr4IJ9Rk9UHH9ij3h9P3iTO2Y","Silerr",546.0,"I",217.0,193.0,false,false,true,false
"CHALLENGER","5ae26d6d-c07a-3d29-ae0f-1ac9ca4a4f4a","RANKED_SOLO_5x5","Varus's Villains","pq_PfVlkSDxjrHik_nw0OoxCsuJbliPUABPccu1PX-ra_bJK","AUR eIramir",718.0,"I",136.0,115.0,false,false,false,false
"CHALLENGER","5ae26d6d-c07a-3d29-ae0f-1ac9ca4a4f4a","RANKED_SOLO_5x5","Varus's Villains","-fK_tGBdNnLDc-Av5-WgO_pVD4DP8rbBp2frMQOm0xTytKY","Kasing 1",843.0,"I",134.0,113.0,true,false,false,false
"CHALLENGER","5ae26d6d-c07a-3d29-ae0f-1ac9ca4a4f4a","RANKED_SOLO_5x5","Varus's Villains","6ksNZbbv4TFRihyYuNANCR2ozF8MKGW-c1y8QAQMxgLCgqU","7esiz",759.0,"I",250.0,214.0,false,false,false,false
"CHALLENGER","5ae26d6d-c07a-3d29-ae0f-1ac9ca4a4f4a","RANKED_SOLO_5x5","Varus's Villains","26EtR0Lq8urfBCzqQImf9bmllg6EalwB7VIHDqv83p9Wv-CY","reje",888.0,"I",161.0,123.0,false,false,false,false
"CHALLENGER","5ae26d6d-c07a-3d29-ae0f-1ac9ca4a4f4a","RANKED_SOLO_5x5","Varus's Villains","BgiefPhjR5JKFWOXu9IHwMCP1YxRYSXN3urDWkMnSTRPnQkb","hovno z kose",1285.0,"I",129.0,83.0,true,false,false,false
"CHALLENGER","5ae26d6d-c07a-3d29-ae0f-1ac9ca4a4f4a","RANKED_SOLO_5x5","Varus's Villains","aUovEJ6eDPVA0r9GGtBOqc3LSknwXZ7K5jHrdYD0z-frTf0","school phobia",849.0,"I",57.0,25.0,false,false,false,false
"CHALLENGER","5ae26d6d-c07a-3d29-ae0f-1ac9ca4a4f4a","RANKED_SOLO_5x5","Varus's Villains","x5IPgXEHyloyW4-TpRvUHDkj0AwjFDrD4CWbQ9jhdosf7oQ","ZXCVCDZUESD",982.0,"I",170.0,143.0,true,false,false,false
"CHALLENGER","5ae26d6d-c07a-3d29-ae0f-1ac9ca4a4f4a","RANKED_SOLO_5x5","Varus's Villains","HU2M5twntGTu9nBf4kQRxgPJeWPvJ889AL5BFirucjiNpeA","RGE5",654.0,"I",89.0,72.0,false,false,false,false
"CHALLENGER","5ae26d6d-c07a-3d29-ae0f-1ac9ca4a4f4a","RANKED_SOLO_5x5","Varus's Villains","z48S9Ydzy98VjMLOAFvb734ssbzDLu3_i246Pp2qsyJgnv4","IZI Nolan",931.0,"I",194.0,163.0,true,false,false,false
"CHALLENGER","5ae26d6d-c07a-3d29-ae0f-1ac9ca4a4f4a","RANKED_SOLO_5x5","Varus's Villains","TOylTDbhp4N4u2n0dqDuV49LJGlEZ9FAUuTx8xEkrXTPaEQ","Bell XYZ",737.0,"I",123.0,102.0,false,false,false,false
"CHALLENGER","5ae26d6d-c07a-3d29-ae0f-1ac9ca4a4f4a","RANKED_SOLO_5x5","Varus's Villains","-qRirs0jpD_q81PHlmBHE6p74_3hv8_ARAUEOoHYGT7EEtvQ","i am chiken",675.0,"I",109.0,76.0,false,false,false,false
"CHALLENGER","5ae26d6d-c07a-3d29-ae0f-1ac9ca4a4f4a","RANKED_SOLO_5x5","Varus's Villains","HomZC0w4TQGBjRQ2v1pf3f9RFA_EPFlXSgHHvMDQ8yEwKAg","CZV Hiro",566.0,"I",262.0,241.0,true,false,false,false
"CHALLENGER","5ae26d6d-c07a-3d29-ae0f-1ac9ca4a4f4a","RANKED_SOLO_5x5","Varus's Villains","CKQWIkGawFs6gI_N7STMMMYBETSvGf3AyyRVnm7_x-e0WJiS","Zolix",715.0,"I",107.0,81.0,false,false,false,false
"CHALLENGER","5ae26d6d-c07a-3d29-ae0f-1ac9ca4a4f4a","RANKED_SOLO_5x5","Varus's Villains","PmJTfaeg3BK4au5kEj8dyyC4SF68u-3bRaf4z6SLF71R5js","Spencer Reid",1033.0,"I",222.0,185.0,true,false,false,false
"CHALLENGER","5ae26d6d-c07a-3d29-ae0f-1ac9ca4a4f4a","RANKED_SOLO_5x5","Varus's Villains","AmMrJGCeSJ1weuOPiF_uYWtUEVhhY43yR_LUqdOX5XahRmQ","ad is bait",567.0,"I",219.0,190.0,true,false,false,false
"CHALLENGER","5ae26d6d-c07a-3d29-ae0f-1ac9ca4a4f4a","RANKED_SOLO_5x5","Varus's Villains","wHDuRyJUybcZEX-iA8woaBQGhU1nQ4tP3kkRaxXiVY-Ye9g","Francis Ngannou",559.0,"I",228.0,208.0,false,false,false,false
"CHALLENGER","5ae26d6d-c07a-3d29-ae0f-1ac9ca4a4f4a","RANKED_SOLO_5x5","Varus's Villains","qVUYPAuWVxn23DiGnVLL8LHRcQzad8x3n3F5pzKPkFr40V8","Trymbi",545.0,"I",63.0,47.0,false,false,false,false
"CHALLENGER","5ae26d6d-c07a-3d29-ae0f-1ac9ca4a4f4a","RANKED_SOLO_5x5","Varus's Villains","bDSOfmpQFLnuVjaEIv_XmAyqZ657pE8_sAixSTwfsRamAIc","MIOS MIT BARS",739.0,"I",327.0,299.0,true,false,false,false
"CHALLENGER","5ae26d6d-c07a-3d29-ae0f-1ac9ca4a4f4a","RANKED_SOLO_5x5","Varus's Villains","aRdgaXwD1UfdUaogkZmfvUaxFrB8tNjAPZ1FKBGP7SN4euE","Dutiful Salmon",487.0,"I",151.0,135.0,false,false,true,false
"CHALLENGER","5ae26d6d-c07a-3d29-ae0f-1ac9ca4a4f4a","RANKED_SOLO_5x5","Varus's Villains","RxmQFcZzQhn5a9etzkUGNUslDgLkNCXHiZ5QYxGdUfq4W-w","G2 Jerkz",1058.0,"I",205.0,178.0,true,false,false,false
"CHALLENGER","5ae26d6d-c07a-3d29-ae0f-1ac9ca4a4f4a","RANKED_SOLO_5x5","Varus's Villains","AmG8dDr8njCp9mK1GwxVVWrTn-Gwq1fV20NB6RcD2_deadE","Goldenive",557.0,"I",193.0,174.0,false,false,false,false
"CHALLENGER","5ae26d6d-c07a-3d29-ae0f-1ac9ca4a4f4a","RANKED_SOLO_5x5","Varus's Villains","ntPUGWdT9J1RFptHahe15cV3lzr61lYGuG13pXMeu7rDKPU","VIadik",829.0,"I",238.0,205.0,false,false,false,false
"CHALLENGER","5ae26d6d-c07a-3d29-ae0f-1ac9ca4a4f4a","RANKED_SOLO_5x5","Varus's Villains","-mLraasFeFSk936wxwwQZjuZlM2WGdoImEENsaIOYUkpcbs","Juhozkin",835.0,"I",138.0,101.0,false,false,false,true
"CHALLENGER","5ae26d6d-c07a-3d29-ae0f-1ac9ca4a4f4a","RANKED_SOLO_5x5","Varus's Villains","Im4aGjoIdhDCzNE6r8OQ_oCGspXhn69G-aK9v0GaQ9uQaZQ","SirNukesAlot",1012.0,"I",274.0,235.0,true,false,false,false
"CHALLENGER","5ae26d6d-c07a-3d29-ae0f-1ac9ca4a4f4a","RANKED_SOLO_5x5","Varus's Villains","l-lHVw9YvREsiRSGTSw8tFeh0Q1UqrwVki526LxosAPWpIU","LaneTäxCollector",588.0,"I",112.0,91.0,false,false,true,false
"CHALLENGER","5ae26d6d-c07a-3d29-ae0f-1ac9ca4a4f4a","RANKED_SOLO_5x5","Varus's Villains","bxjjmpzFhKjP-nSJbgZjmQMWe3X91ArRFbhBhn7NC0PutRw","T0PS0N",620.0,"I",153.0,133.0,false,false,false,false
"CHALLENGER","5ae26d6d-c07a-3d29-ae0f-1ac9ca4a4f4a","RANKED_SOLO_5x5","Varus's Villains","310w8YqHz3UGC9xXIeT44FzfORXtmPNc8MyCwW9Jy5V412I","arnax",578.0,"I",87.0,55.0,false,false,false,false
"CHALLENGER","5ae26d6d-c07a-3d29-ae0f-1ac9ca4a4f4a","RANKED_SOLO_5x5","Varus's Villains","FY7nGptl6d6eUNu7VE9yMNqvqcvUUvcu3milZxEKFrkmnzQ","Féneccccc",571.0,"I",118.0,98.0,false,false,false,false
"CHALLENGER","5ae26d6d-c07a-3d29-ae0f-1ac9ca4a4f4a","RANKED_SOLO_5x5","Varus's Villains","yvu2FQdVb5H02hX43Un7cHYxpAHBm2zoqYUnTXt-ppTkGT1k","Shending Help",679.0,"I",180.0,163.0,true,false,false,false
"CHALLENGER","5ae26d6d-c07a-3d29-ae0f-1ac9ca4a4f4a","RANKED_SOLO_5x5","Varus's Villains","VFjo2--yT8OPxBvpKAzAnKtF1IdohM2c7I-xIn03QPU0D9U","ROX Lekcyc",713.0,"I",161.0,123.0,true,false,false,false
"CHALLENGER","5ae26d6d-c07a-3d29-ae0f-1ac9ca4a4f4a","RANKED_SOLO_5x5","Varus's Villains","MUI1NRQSM-tFejIzWfFyJ_Qe8994IO9V0DLObxm8qn70B3w","strikerthebest",720.0,"I",127.0,110.0,true,false,false,false
"CHALLENGER","5ae26d6d-c07a-3d29-ae0f-1ac9ca4a4f4a","RANKED_SOLO_5x5","Varus's Villains","ym8Luarp2GrAKAIc8KzJEuAmQb-DP-iLjuFH5yMRHp1MoVs","Teemo Player x3",829.0,"I",105.0,76.0,false,false,false,false
"CHALLENGER","5ae26d6d-c07a-3d29-ae0f-1ac9ca4a4f4a","RANKED_SOLO_5x5","Varus's Villains","Iq5Ycx4jSocI4gEREQm6VuqWbXH4A3SaRqu63y6xxPlp4aM","S04 Lurox",577.0,"I",214.0,197.0,false,false,true,false
"CHALLENGER","5ae26d6d-c07a-3d29-ae0f-1ac9ca4a4f4a","RANKED_SOLO_5x5","Varus's Villains","GUWWD4e8ZnoOQcvn8lmonG3ERzBQ3O9ZE4A9TjJ_smCaL2qz","DahVys",1089.0,"I",249.0,209.0,true,false,false,false
"CHALLENGER","5ae26d6d-c07a-3d29-ae0f-1ac9ca4a4f4a","RANKED_SOLO_5x5","Varus's Villains","U-c-NYSOebdiiIfmtqqh_AW20RMBAzFv04pEq2GGBTiHcFU","Odoamne",607.0,"I",60.0,39.0,false,false,true,false
"CHALLENGER","5ae26d6d-c07a-3d29-ae0f-1ac9ca4a4f4a","RANKED_SOLO_5x5","Varus's Villains","d8P--U81wKB_N9vBxvJB4aj6TqCOzFhrFJqdPpwoNpT1obo","RGO Szygenda",623.0,"I",71.0,50.0,false,false,false,false
"CHALLENGER","5ae26d6d-c07a-3d29-ae0f-1ac9ca4a4f4a","RANKED_SOLO_5x5","Varus's Villains","EnADorc37CJRI1q6qUg3kSYZPrKyMyr_AACdW570aQFN0aI","Motivational Mid",672.0,"I",99.0,79.0,false,false,false,false
"CHALLENGER","5ae26d6d-c07a-3d29-ae0f-1ac9ca4a4f4a","RANKED_SOLO_5x5","Varus's Villains","UfoBEBpoNTdUuKo5AYGOqRLjpW1D4yA674j80WQePoWltPM","man like Innaxe",953.0,"I",232.0,194.0,true,false,false,false
"CHALLENGER","5ae26d6d-c07a-3d29-ae0f-1ac9ca4a4f4a","RANKED_SOLO_5x5","Varus's Villains","ChRnqEiuINyRdtYkszFoYyYSZPq9nqYYvGSi1FJzmxroM7s","ImJony",589.0,"I",210.0,185.0,true,false,false,false
"CHALLENGER","5ae26d6d-c07a-3d29-ae0f-1ac9ca4a4f4a","RANKED_SOLO_5x5","Varus's Villains","5LwWCQJxC_fsiJzYPJJP1U5Nagvv_bYA30cQ0_WG6YMJgis","K1ng Ghost",562.0,"I",95.0,50.0,false,false,true,false
"CHALLENGER","5ae26d6d-c07a-3d29-ae0f-1ac9ca4a4f4a","RANKED_SOLO_5x5","Varus's Villains","VhAWmBZzvM3XlhSeFnqH1bojvAteaJSID2yCKVM8iaANEso","V Ο Ν",661.0,"I",171.0,135.0,false,false,true,false
"CHALLENGER","5ae26d6d-c07a-3d29-ae0f-1ac9ca4a4f4a","RANKED_SOLO_5x5","Varus's Villains","ID6ObVMg6sa19yAjEtdR_JSnx_GxyaMh0YZhattB05C1ITE","FNC xMatty",1226.0,"I",116.0,75.0,true,false,false,false
"CHALLENGER","5ae26d6d-c07a-3d29-ae0f-1ac9ca4a4f4a","RANKED_SOLO_5x5","Varus's Villains","t0-3xPNquVreoqXWHDBgfk2j7YJJKqedlKucUuSggOnm2ne9","22 SUBAT 2003 v2",586.0,"I",252.0,232.0,false,false,false,false
"CHALLENGER","5ae26d6d-c07a-3d29-ae0f-1ac9ca4a4f4a","RANKED_SOLO_5x5","Varus's Villains","VfK9hR0ucTX9Tk97_oE-cjDfvcWyQPElTe12t9HplK79UOsq","Ρun1sher",567.0,"I",121.0,86.0,false,false,true,false
"CHALLENGER","5ae26d6d-c07a-3d29-ae0f-1ac9ca4a4f4a","RANKED_SOLO_5x5","Varus's Villains","24BFBGlk_JVNbr9zR_-ikDKaKLA3syy9l5ukzRque84SbLM","Rèdöne",783.0,"I",285.0,265.0,true,false,false,false
"CHALLENGER","5ae26d6d-c07a-3d29-ae0f-1ac9ca4a4f4a","RANKED_SOLO_5x5","Varus's Villains","9ZaCHRk3vF9yiXUFb9_BaOm4evG4By6bTgmBjDJ7xNuWKsk","Anthraxxx",704.0,"I",119.0,102.0,true,false,false,false
"CHALLENGER","5ae26d6d-c07a-3d29-ae0f-1ac9ca4a4f4a","RANKED_SOLO_5x5","Varus's Villains","c6e8GwC_qrbpkUIDdDK7nZvd2MuAQuB7vMQ3PSWukQZEQdY","Markoon",749.0,"I",222.0,192.0,true,false,false,false
"CHALLENGER","5ae26d6d-c07a-3d29-ae0f-1ac9ca4a4f4a","RANKED_SOLO_5x5","Varus's Villains","ZidOCAZmDzVRRgqCpjq1_4vLogMAG3FiTOv-3L1OV-9xERo","S04 Dreams",643.0,"I",170.0,152.0,false,false,true,false
"CHALLENGER","5ae26d6d-c07a-3d29-ae0f-1ac9ca4a4f4a","RANKED_SOLO_5x5","Varus's Villains","_kJg6vtqUQgfFv1p6Mb9LpBPAZXWuX-IVY6yw7uDKc6dvCI","Vénour",672.0,"I",107.0,79.0,false,false,false,true
"CHALLENGER","5ae26d6d-c07a-3d29-ae0f-1ac9ca4a4f4a","RANKED_SOLO_5x5","Varus's Villains","b0vs9vxlWII3h_ZxiCLVQcsx4tikCly7TMBn0SwyOWCItIM","Kirei sama",1181.0,"I",257.0,209.0,true,false,false,false
"CHALLENGER","5ae26d6d-c07a-3d29-ae0f-1ac9ca4a4f4a","RANKED_SOLO_5x5","Varus's Villains","yy3eaxd5ZksC_fh924PF2b80Ccn8S2gEznZ_J2IGdFOnHic","CheTiro",543.0,"I",156.0,126.0,false,false,true,false
"CHALLENGER","5ae26d6d-c07a-3d29-ae0f-1ac9ca4a4f4a","RANKED_SOLO_5x5","Varus's Villains","DPgQKwgiJi_TWQyD6NkE9dOFnQHFwnl2ekyNnMY_LVpHkGs","noway2u",627.0,"I",165.0,141.0,false,false,false,false
"CHALLENGER","5ae26d6d-c07a-3d29-ae0f-1ac9ca4a4f4a","RANKED_SOLO_5x5","Varus's Villains","JIwJxGCaGh292SXULBZifwdHBoqiAtV8v2XT5Fpb4n-j1M4","RXBXCXP",878.0,"I",187.0,158.0,true,false,false,false
"CHALLENGER","5ae26d6d-c07a-3d29-ae0f-1ac9ca4a4f4a","RANKED_SOLO_5x5","Varus's Villains","iwChAX7XRRo0rI3z7EJWzPJFa0Pr6klKoSaBTLBD8cDz3Lk","sTOP speaKING",1010.0,"I",198.0,165.0,true,false,false,false
"CHALLENGER","5ae26d6d-c07a-3d29-ae0f-1ac9ca4a4f4a","RANKED_SOLO_5x5","Varus's Villains","1ZOjojzmvNAY1gn3D6r2ZoPBcRIaW4vNAjay3fsLHk_u5rdB","t4rzan1",542.0,"I",147.0,123.0,false,false,true,false
"CHALLENGER","5ae26d6d-c07a-3d29-ae0f-1ac9ca4a4f4a","RANKED_SOLO_5x5","Varus's Villains","b7As4x5OGDnSBiDJ9kSb-QQ63t4w8iyq6mBbXDzO9LgbYIk","Calmsky",586.0,"I",87.0,63.0,false,false,true,true
"CHALLENGER","5ae26d6d-c07a-3d29-ae0f-1ac9ca4a4f4a","RANKED_SOLO_5x5","Varus's Villains","7Qt8lR3v4oJZF7Oo9CfZlYKEEZOfO6ANboYsvEhAqeK_ujZM","WillTheHook",591.0,"I",108.0,87.0,false,false,false,false
"CHALLENGER","5ae26d6d-c07a-3d29-ae0f-1ac9ca4a4f4a","RANKED_SOLO_5x5","Varus's Villains","r6omQahZTIH3vRFXXPwbNC-0NCEZdC2QwsHqUqbvs7teWd8","MAD Kaîser",689.0,"I",76.0,55.0,false,false,false,false
"CHALLENGER","5ae26d6d-c07a-3d29-ae0f-1ac9ca4a4f4a","RANKED_SOLO_5x5","Varus's Villains","0jNJqcNFfbTFiy91C5Dcnn2iIwJmdv5RUcrmDNLnBp-VAUI","Maxlore",666.0,"I",390.0,384.0,true,false,false,false
"CHALLENGER","5ae26d6d-c07a-3d29-ae0f-1ac9ca4a4f4a","RANKED_SOLO_5x5","Varus's Villains","SKd3AEmg8Ad1vAAlHTCtmtlbLXeu958sQT446ZxJIFrc4QQ","Achuu",1160.0,"I",161.0,115.0,true,false,false,false
"CHALLENGER","5ae26d6d-c07a-3d29-ae0f-1ac9ca4a4f4a","RANKED_SOLO_5x5","Varus's Villains","f0GII6DQJS2j6_Mw0zNN3SlEbSfO1ybqlO_pxOmHVKvBPBQ","Ploxy",703.0,"I",131.0,105.0,false,false,false,true
"CHALLENGER","5ae26d6d-c07a-3d29-ae0f-1ac9ca4a4f4a","RANKED_SOLO_5x5","Varus's Villains","vLPHPpNlUDoztLD5nT6addnF4-iy_dxq-7CuTx45kHEBqLI","MSF Decay",989.0,"I",277.0,245.0,true,false,false,false
"CHALLENGER","5ae26d6d-c07a-3d29-ae0f-1ac9ca4a4f4a","RANKED_SOLO_5x5","Varus's Villains","SF5jzBducoCrslb66h-Qi0IFl0w5yIh3Cjr0enHMMonSd6U","VDE Yuno",543.0,"I",180.0,145.0,false,false,true,false
"CHALLENGER","5ae26d6d-c07a-3d29-ae0f-1ac9ca4a4f4a","RANKED_SOLO_5x5","Varus's Villains","4pVx_4ybLwgYA2xpG5czQVM_l1LTz4HDtC0pmrCkBvnmBqk","AeQ Showkz",854.0,"I",168.0,143.0,true,false,false,false
"CHALLENGER","5ae26d6d-c07a-3d29-ae0f-1ac9ca4a4f4a","RANKED_SOLO_5x5","Varus's Villains","7442vrfZy5LQX73sp7uZUNpcNUOsMm8k8-COkKVdjHULPDA","cøcky movement",966.0,"I",144.0,117.0,true,false,false,false
"CHALLENGER","5ae26d6d-c07a-3d29-ae0f-1ac9ca4a4f4a","RANKED_SOLO_5x5","Varus's Villains","bmC5Nw5ahJtyU9r7mwlXhgsklSghO4Sc_miI_J_PL3zCQDi0","Dono Dosko",885.0,"I",279.0,253.0,true,false,false,false
"CHALLENGER","5ae26d6d-c07a-3d29-ae0f-1ac9ca4a4f4a","RANKED_SOLO_5x5","Varus's Villains","pEEu4P9ZwUUWG5aZxD2TB03-n71ZpKJfGDk5dIeqhJpWBoA","mumus100",1025.0,"I",142.0,93.0,true,false,false,true
"CHALLENGER","5ae26d6d-c07a-3d29-ae0f-1ac9ca4a4f4a","RANKED_SOLO_5x5","Varus's Villains","mXV4gEyAz_OlnOywFJ46PVQx4U9Pg9JX3Zg8dFyO1RaOmb8","RGE4",1076.0,"I",98.0,58.0,false,false,false,false
"CHALLENGER","5ae26d6d-c07a-3d29-ae0f-1ac9ca4a4f4a","RANKED_SOLO_5x5","Varus's Villains","Kdc7fqhMakwtnH-ispcP6DmU6ADVK6qy2LR_aUMnyujgyLtu","YoutubeG2perkz",767.0,"I",210.0,191.0,true,false,false,false
"CHALLENGER","5ae26d6d-c07a-3d29-ae0f-1ac9ca4a4f4a","RANKED_SOLO_5x5","Varus's Villains","VdqlXUGQ9s8ZNFmmiUKJFIiklhW6IwOUVqkdG6UEM70kGXg","ºˉVˉAˉYˉUˉº",945.0,"I",167.0,115.0,true,false,false,false
"CHALLENGER","5ae26d6d-c07a-3d29-ae0f-1ac9ca4a4f4a","RANKED_SOLO_5x5","Varus's Villains","VR_wIyLByb8wXOvmIEMO2xqKHrVg2Zhxi_uM0YSv_HWxIKuD","Blossom13",610.0,"I",110.0,96.0,true,false,false,false
"CHALLENGER","5ae26d6d-c07a-3d29-ae0f-1ac9ca4a4f4a","RANKED_SOLO_5x5","Varus's Villains","8yhhHW5m68nDNegYPmlJKGgBqFs8h0Fn2-mQYM_tYvYX_nkp","Smith and Wesson",655.0,"I",106.0,82.0,false,false,false,true
"CHALLENGER","5ae26d6d-c07a-3d29-ae0f-1ac9ca4a4f4a","RANKED_SOLO_5x5","Varus's Villains","rGtQVBnd8gm9j_tjBNc6iiDgSjRiOYfCg_yTN2E55S4t-i5m","Hantera1",668.0,"I",112.0,91.0,true,false,false,false
"CHALLENGER","5ae26d6d-c07a-3d29-ae0f-1ac9ca4a4f4a","RANKED_SOLO_5x5","Varus's Villains","LBgAtSnNTa7pbgoThJuJ7pfFvf2ez9_xOg4k35zh_Lbe0xQ","XWing Pilot",619.0,"I",204.0,178.0,false,false,false,false
"CHALLENGER","5ae26d6d-c07a-3d29-ae0f-1ac9ca4a4f4a","RANKED_SOLO_5x5","Varus's Villains","5qA7_tfX__eoYXr3bDTXZiAtVj39VqeolQP1iv6ejqhmd-Q","Rinky",656.0,"I",229.0,218.0,true,false,false,false
"CHALLENGER","5ae26d6d-c07a-3d29-ae0f-1ac9ca4a4f4a","RANKED_SOLO_5x5","Varus's Villains","e1tLNQhfIFVB4NZUNXrTIm6j1wXK0uBMKoMu39UFzOKnGgUT","Saegalaňne",592.0,"I",249.0,225.0,false,false,true,false
"CHALLENGER","5ae26d6d-c07a-3d29-ae0f-1ac9ca4a4f4a","RANKED_SOLO_5x5","Varus's Villains","6qSUTYPPl96Z8S7bcryAOyNLNgaQ_SPo-NwvSK1HThyoK3Q","ReNKlar",596.0,"I",98.0,70.0,false,false,true,true
"CHALLENGER","5ae26d6d-c07a-3d29-ae0f-1ac9ca4a4f4a","RANKED_SOLO_5x5","Varus's Villains","X374y6bmkcSBc71YDHc7pAYB6S6MZJkoN1wgiYtE28H2DHk","S2V Barcode",593.0,"I",204.0,180.0,true,false,false,false
"CHALLENGER","5ae26d6d-c07a-3d29-ae0f-1ac9ca4a4f4a","RANKED_SOLO_5x5","Varus's Villains","6ejOpgBn079ccP6h2ckIB3r07mdRIv4SJ4wlDuZdUaK4MsQW","Rabbit B",1036.0,"I",88.0,50.0,false,false,false,false
"CHALLENGER","5ae26d6d-c07a-3d29-ae0f-1ac9ca4a4f4a","RANKED_SOLO_5x5","Varus's Villains","DPjg2TdWpmAM7oCBYoQwAGmUCXtiT3IEVPm1k3bJz9o4bbI","FYN Tazaku",791.0,"I",96.0,67.0,false,false,false,false
"CHALLENGER","5ae26d6d-c07a-3d29-ae0f-1ac9ca4a4f4a","RANKED_SOLO_5x5","Varus's Villains","S4I4vNUFZroYkEjlfrX43xI90eMex-HrljlXGmuTbeINqQM","MZG Boukada",555.0,"I",134.0,106.0,false,false,true,true
"CHALLENGER","5ae26d6d-c07a-3d29-ae0f-1ac9ca4a4f4a","RANKED_SOLO_5x5","Varus's Villains","vhItB0CLiGPzBYRHQ9z6K6507KpZqI-ZtG0v__ebzLcDRLI","OG Upset",1373.0,"I",181.0,126.0,true,false,false,false
"CHALLENGER","5ae26d6d-c07a-3d29-ae0f-1ac9ca4a4f4a","RANKED_SOLO_5x5","Varus's Villains","f7AaHD-Hw8l1bkNaIGp6nVTpq8xt8f7RpNYxk0EnlbIqG6Et","FerdynandKiepski",719.0,"I",131.0,102.0,true,false,false,false
"CHALLENGER","5ae26d6d-c07a-3d29-ae0f-1ac9ca4a4f4a","RANKED_SOLO_5x5","Varus's Villains","H-FaLch89tGVTbuNOhcLNMwF13RW_30TeUvSLoJzUU9HwxY","TO Dragflick",591.0,"I",91.0,81.0,false,false,false,false
"CHALLENGER","5ae26d6d-c07a-3d29-ae0f-1ac9ca4a4f4a","RANKED_SOLO_5x5","Varus's Villains","_y78i6LF3d78aO9oFhSUrZLZ_5uM7_eS3Fdcx8mJLzYRmJck","Thebausffs",666.0,"I",327.0,303.0,false,false,true,false
"CHALLENGER","5ae26d6d-c07a-3d29-ae0f-1ac9ca4a4f4a","RANKED_SOLO_5x5","Varus's Villains","QdJnOWwgS94APe7p2Gog5V6IxCDYcEfvAFrcozYW4jh4b6s","SK LlMIT",862.0,"I",208.0,189.0,true,false,false,false
"CHALLENGER","5ae26d6d-c07a-3d29-ae0f-1ac9ca4a4f4a","RANKED_SOLO_5x5","Varus's Villains","R0bb6ljvXjsikkr-Mz4bMLJp23cljQ4eFS7wf9YAFWII9nw","v5764ec4",601.0,"I",131.0,108.0,false,false,false,false
"CHALLENGER","5ae26d6d-c07a-3d29-ae0f-1ac9ca4a4f4a","RANKED_SOLO_5x5","Varus's Villains","ve9LXmuXH28SRoE3NFFrMkaCbAVb-kUFI2T4Fl4NJOftM3M","Aszaa",694.0,"I",114.0,93.0,true,false,false,false
"CHALLENGER","5ae26d6d-c07a-3d29-ae0f-1ac9ca4a4f4a","RANKED_SOLO_5x5","Varus's Villains","YrXoI8K8wizEYjEtdTU3ZcNcF0wJChSaa0KZhLV2ORReuj0","Quinncidence",802.0,"I",165.0,139.0,false,false,true,false
"CHALLENGER","5ae26d6d-c07a-3d29-ae0f-1ac9ca4a4f4a","RANKED_SOLO_5x5","Varus's Villains","jFN1ciXbQfPB8aii1Qy1AEMpx21k1FKJHkPXAnCecupZ77as","Underground Cat",759.0,"I",140.0,64.0,false,false,false,true
"CHALLENGER","5ae26d6d-c07a-3d29-ae0f-1ac9ca4a4f4a","RANKED_SOLO_5x5","Varus's Villains","WUneruZOyxkm-YVpe8geHLUeI5AM2oHm_mIOSNnMjabOyfQT","Αpfel",849.0,"I",130.0,98.0,false,false,false,false
"CHALLENGER","5ae26d6d-c07a-3d29-ae0f-1ac9ca4a4f4a","RANKED_SOLO_5x5","Varus's Villains","8Pjxu9Fwf3R_mhXpqt-J6evxelZ-GBVX8d-fLvQHw7See9k","Sedri",686.0,"I",280.0,265.0,false,false,false,false
"CHALLENGER","5ae26d6d-c07a-3d29-ae0f-1ac9ca4a4f4a","RANKED_SOLO_5x5","Varus's Villains","yJOx77x43Qu2FWFWTuhcdSrEXncOZgOC5vtVfarpNfv2MlE","Tore den store",759.0,"I",107.0,81.0,false,false,false,false
"CHALLENGER","5ae26d6d-c07a-3d29-ae0f-1ac9ca4a4f4a","RANKED_SOLO_5x5","Varus's Villains","-tp1VA0lmDet0svtVtWFGGfwHADYuESbIqOmGGoFrEgbtpQJ","FB Luger",577.0,"I",225.0,209.0,true,false,false,false
"CHALLENGER","5ae26d6d-c07a-3d29-ae0f-1ac9ca4a4f4a","RANKED_SOLO_5x5","Varus's Villains","wm9ybYZAGUcGawWnzB5MZ_CX60BMxgit5x0qrcnxtdrm14U","K1CK iBo",788.0,"I",229.0,211.0,true,false,false,true
"CHALLENGER","5ae26d6d-c07a-3d29-ae0f-1ac9ca4a4f4a","RANKED_SOLO_5x5","Varus's Villains","ks3jQzcgl7572SI2eLIWc4xGZ5-2l659d9qGr3JSTE-eIb8","Nomanz",949.0,"I",205.0,173.0,true,false,false,false
"CHALLENGER","5ae26d6d-c07a-3d29-ae0f-1ac9ca4a4f4a","RANKED_SOLO_5x5","Varus's Villains","Mlu0O3EIEXjH9LL2ewq6bbNEhpWqgIMpKwXNnZJS79k21ok","mvp or ace",541.0,"I",202.0,181.0,false,false,true,true
"CHALLENGER","5ae26d6d-c07a-3d29-ae0f-1ac9ca4a4f4a","RANKED_SOLO_5x5","Varus's Villains","VAqmkRtOA4Awe5jNURI4cNv32kBkpzTWmwbAznOxqXzg3lE","zoiren",629.0,"I",84.0,57.0,false,false,false,false
"CHALLENGER","5ae26d6d-c07a-3d29-ae0f-1ac9ca4a4f4a","RANKED_SOLO_5x5","Varus's Villains","5NOGtaw8eCh9Xfdu3buuPKwwBa6LnU1HyB4kf-7lhUM","Wickd",709.0,"I",205.0,178.0,true,false,false,true
"CHALLENGER","5ae26d6d-c07a-3d29-ae0f-1ac9ca4a4f4a","RANKED_SOLO_5x5","Varus's Villains","-jjQxNdVQHbll68doiB0T4Zs4-oTZWbSb-7KmBfid_5a7pw","Bwipos jgl acc",683.0,"I",74.0,43.0,false,false,true,false
"CHALLENGER","5ae26d6d-c07a-3d29-ae0f-1ac9ca4a4f4a","RANKED_SOLO_5x5","Varus's Villains","J5wTPlcsP9Rv6LeoEx4dTzRpyBh9Stkr-mlcTKorBcwGwYo","PENTA Seaz",581.0,"I",87.0,69.0,false,false,false,false
"CHALLENGER","5ae26d6d-c07a-3d29-ae0f-1ac9ca4a4f4a","RANKED_SOLO_5x5","Varus's Villains","4TBc9eHIHdt7oRFl2RnJ13OYjm4gvgZ2CCHdFpV3kjiATUs","Eden Fox",631.0,"I",302.0,274.0,false,false,true,true
"CHALLENGER","5ae26d6d-c07a-3d29-ae0f-1ac9ca4a4f4a","RANKED_SOLO_5x5","Varus's Villains","76GySXWtdLebnmwG4hvOzVRlZAQakbm5IL6IaiYAmledrlk","VIT Nji",832.0,"I",223.0,190.0,false,false,false,false
"CHALLENGER","5ae26d6d-c07a-3d29-ae0f-1ac9ca4a4f4a","RANKED_SOLO_5x5","Varus's Villains","wlJ7GrfcqhedmEoUvG3pNDdBq9L3kVxjyve634ahjRvYepc","WTX ŇoøB",632.0,"I",118.0,90.0,false,false,false,true
"CHALLENGER","5ae26d6d-c07a-3d29-ae0f-1ac9ca4a4f4a","RANKED_SOLO_5x5","Varus's Villains","xcyAfQMaqv53fSrWK32zRgwnzSJPLMq3_ko_hiAtf7lKkSE","RGO Czekolad",923.0,"I",123.0,88.0,true,false,false,true
"CHALLENGER","5ae26d6d-c07a-3d29-ae0f-1ac9ca4a4f4a","RANKED_SOLO_5x5","Varus's Villains","C0sFiorwkP40treulR56wGyfcJY2iUOYB4_s_eZ3yEYzMxby","try h4rder",722.0,"I",223.0,208.0,true,false,false,false
"CHALLENGER","5ae26d6d-c07a-3d29-ae0f-1ac9ca4a4f4a","RANKED_SOLO_5x5","Varus's Villains","eMaC8f0ygkz5ZsuDTwA5-5FkzLsnZJYyHMmMi0vUMdyC6uo","GO HustlinBeasT",724.0,"I",105.0,73.0,false,false,false,false
"CHALLENGER","5ae26d6d-c07a-3d29-ae0f-1ac9ca4a4f4a","RANKED_SOLO_5x5","Varus's Villains","femJ2uRkUAaf843yKd_00y48eoAZAVtOrAGA72tZnIQRQr0","Net1",601.0,"I",178.0,151.0,false,false,true,true
"CHALLENGER","5ae26d6d-c07a-3d29-ae0f-1ac9ca4a4f4a","RANKED_SOLO_5x5","Varus's Villains","Y9jehJQNMgf0rVqjK5xPeTIonn39O3lc8d52xkm-EwdsSODk","MAD Flaκκed",566.0,"I",245.0,233.0,true,false,false,false
"CHALLENGER","5ae26d6d-c07a-3d29-ae0f-1ac9ca4a4f4a","RANKED_SOLO_5x5","Varus's Villains","n7qSOzypxsW_PFGwmvLkoPINV4vDNDrHmHgkmyflFwNyzdPu","Κinzu",592.0,"I",231.0,208.0,false,false,true,false
"CHALLENGER","5ae26d6d-c07a-3d29-ae0f-1ac9ca4a4f4a","RANKED_SOLO_5x5","Varus's Villains","CI6t5OQKEG8PSo2fxg98FnMQfYuNlT9trCq-zmOvf7IPhP8","Jezuuu",671.0,"I",243.0,216.0,false,false,false,false
"CHALLENGER","5ae26d6d-c07a-3d29-ae0f-1ac9ca4a4f4a","RANKED_SOLO_5x5","Varus's Villains","tBqd8b0qOHCAm3eAE3L9RvUuiABvTvLDuZy8b2sDcNnzoNY","relax or i tax",644.0,"I",256.0,235.0,true,false,false,false
"CHALLENGER","5ae26d6d-c07a-3d29-ae0f-1ac9ca4a4f4a","RANKED_SOLO_5x5","Varus's Villains","FYYOms-GbCbMC4cVqqIgWfRL9SQV-LukgjdAJPH7bNBdVEQ","Elyoyα",723.0,"I",79.0,57.0,false,false,false,true
"CHALLENGER","5ae26d6d-c07a-3d29-ae0f-1ac9ca4a4f4a","RANKED_SOLO_5x5","Varus's Villains","wtouBONIevxuhcXPh2iqZz7T8lbC-hXTaIUct3Q5evynawc","Adenela",664.0,"I",212.0,175.0,false,false,false,true
"CHALLENGER","5ae26d6d-c07a-3d29-ae0f-1ac9ca4a4f4a","RANKED_SOLO_5x5","Varus's Villains","rxWn1YHk6EfAHxryqvxV9GE2aB2WY6Jyuh17eCn8qN2LjHlN","Fulis on Top",579.0,"I",105.0,77.0,false,false,false,false
"CHALLENGER","5ae26d6d-c07a-3d29-ae0f-1ac9ca4a4f4a","RANKED_SOLO_5x5","Varus's Villains","uGdws7CWb8wurEiKubAcF7mJtA7XOHKOULwFy2uvhah4Ado","Mafra was Lost",542.0,"I",128.0,104.0,false,false,true,true
"CHALLENGER","5ae26d6d-c07a-3d29-ae0f-1ac9ca4a4f4a","RANKED_SOLO_5x5","Varus's Villains","-cDzNgYKHHC6TPhCfuSIChW8nd0xKRv9tlgiy3u3boGwWzo","SUP Armutke",703.0,"I",216.0,186.0,true,false,false,false
"CHALLENGER","5ae26d6d-c07a-3d29-ae0f-1ac9ca4a4f4a","RANKED_SOLO_5x5","Varus's Villains","7LLv2HSVSKBAQql7j4chPB-R49yA3NpBIfB2cobq98zEDWY","SirNukesAlott",1041.0,"I",109.0,75.0,false,false,false,true
"CHALLENGER","5ae26d6d-c07a-3d29-ae0f-1ac9ca4a4f4a","RANKED_SOLO_5x5","Varus's Villains","svhRR8avai9vtHHoqfU87uCMeYy6bWCcU7xeiBkxnKJz2I4","Scarlet 2",939.0,"I",122.0,95.0,true,false,false,false
"CHALLENGER","5ae26d6d-c07a-3d29-ae0f-1ac9ca4a4f4a","RANKED_SOLO_5x5","Varus's Villains","gWtbZfxsZAU6wF0qFlbh5bBWXKmOavdb8Jy1F0MTVMddjpM","Dawidsonek",719.0,"I",209.0,190.0,false,false,false,true
"CHALLENGER","5ae26d6d-c07a-3d29-ae0f-1ac9ca4a4f4a","RANKED_SOLO_5x5","Varus's Villains","BTBUcmla90qel8F0kLl4TR8s-fKAXxJsQzkwQ8vztkmqGhI","Planlèss",544.0,"I",106.0,84.0,false,false,true,false
"CHALLENGER","5ae26d6d-c07a-3d29-ae0f-1ac9ca4a4f4a","RANKED_SOLO_5x5","Varus's Villains","hzBijkuFfnmQpy3Dh3p_P7xbKrg1VOvZ4c0-6rmY93cTMa4","Mister Snowball",779.0,"I",213.0,148.0,true,false,false,false
"CHALLENGER","5ae26d6d-c07a-3d29-ae0f-1ac9ca4a4f4a","RANKED_SOLO_5x5","Varus's Villains","uD65C6Pq08c7sC4_LCbfrO0B2-voOFjP8VUOVdvIUFLf7gns","Mr Ascendant",727.0,"I",86.0,67.0,false,false,false,false
"CHALLENGER","5ae26d6d-c07a-3d29-ae0f-1ac9ca4a4f4a","RANKED_SOLO_5x5","Varus's Villains","0SA7NAN7HKkRMq_KEhYeK8BGWEJ-eSZyiM0Z88hUNnWYSRs","Køldo Locuraa",857.0,"I",202.0,171.0,true,false,false,true
"CHALLENGER","5ae26d6d-c07a-3d29-ae0f-1ac9ca4a4f4a","RANKED_SOLO_5x5","Varus's Villains","543rdzgdT6vjE_0FbPuhM4IjcBuyZRk-3YjMmt-eX92D-Dg","Saviour 2",596.0,"I",130.0,109.0,false,false,false,false
"CHALLENGER","5ae26d6d-c07a-3d29-ae0f-1ac9ca4a4f4a","RANKED_SOLO_5x5","Varus's Villains","LNx6HPVsfG0Ls_V7lA7UpcvOXImdiBKP6MNDp_rFKZYYfhI","GODZILLA66666666",648.0,"I",407.0,375.0,false,false,true,false
"CHALLENGER","5ae26d6d-c07a-3d29-ae0f-1ac9ca4a4f4a","RANKED_SOLO_5x5","Varus's Villains","fIYQHXBLNmq7oNkCOBotnLrTvO3zS1VS7TlSMPThx-WT8eU","Music is Win",772.0,"I",82.0,47.0,false,false,true,false
"CHALLENGER","5ae26d6d-c07a-3d29-ae0f-1ac9ca4a4f4a","RANKED_SOLO_5x5","Varus's Villains","B08SsFCddb3Zh7vedRHtdqgVIVQ1__3K19s5KIIHVi5zsiQ","Neon1337Ad",677.0,"I",137.0,115.0,false,false,false,false
"CHALLENGER","5ae26d6d-c07a-3d29-ae0f-1ac9ca4a4f4a","RANKED_SOLO_5x5","Varus's Villains","ChrD82VT7TMVRwrAY0Q1jmkPMI28El6_dgkUa-E5GduXOzry","5R Mert Fırat ",965.0,"I",84.0,50.0,false,false,true,true
"CHALLENGER","5ae26d6d-c07a-3d29-ae0f-1ac9ca4a4f4a","RANKED_SOLO_5x5","Varus's Villains","B_rVlaEBMrJtDkqySRkkZ-D_h52TSpKRjRCwUXXbH_KqLrng","xPetu",903.0,"I",109.0,77.0,false,false,false,false
"CHALLENGER","5ae26d6d-c07a-3d29-ae0f-1ac9ca4a4f4a","RANKED_SOLO_5x5","Varus's Villains","pJajThaxVZHThbEg7-oVVnKB13N2itvjdb2AACiRyyH3484e","og Nukeduck1",706.0,"I",136.0,105.0,false,false,false,false
"CHALLENGER","5ae26d6d-c07a-3d29-ae0f-1ac9ca4a4f4a","RANKED_SOLO_5x5","Varus's Villains","Zb_VAA0Gp_VKd8HQjLNHGv6iBM4qlf420rHnlWosIdN9fChQ","AHG Memento",1387.0,"I",168.0,118.0,true,false,false,false
"CHALLENGER","5ae26d6d-c07a-3d29-ae0f-1ac9ca4a4f4a","RANKED_SOLO_5x5","Varus's Villains","4FlfwFxR8LuRemddfBCIicGI0cERYFQ6DSHVaYPxzwQOeg3i","Just a trickster",706.0,"I",190.0,165.0,false,false,true,true
"CHALLENGER","5ae26d6d-c07a-3d29-ae0f-1ac9ca4a4f4a","RANKED_SOLO_5x5","Varus's Villains","kKY9IukNcnJP-YwKnbkaUmPj2p1uLlWldRSSCAULSSWGOMU","AHaHaSICK",530.0,"I",222.0,200.0,false,false,true,false
"CHALLENGER","5ae26d6d-c07a-3d29-ae0f-1ac9ca4a4f4a","RANKED_SOLO_5x5","Varus's Villains","58RU9g-xO7vdZLqRwroFPEz8jEeerPy31tkcKGxI7X7T7KE","LΣNNY",649.0,"I",67.0,39.0,false,false,false,false
"CHALLENGER","5ae26d6d-c07a-3d29-ae0f-1ac9ca4a4f4a","RANKED_SOLO_5x5","Varus's Villains","R7pdI1NDKQFZklgNIkqfjrPt-KwirOeWPD__5F-hjHwHcvc","Schuhbart",1228.0,"I",151.0,107.0,true,false,false,true
"CHALLENGER","5ae26d6d-c07a-3d29-ae0f-1ac9ca4a4f4a","RANKED_SOLO_5x5","Varus's Villains","VaMpBam_gL7-GOekrnhv9Qn6u7KZeQnxcnTMx8XvhLeYVk4","Nοrman Bates",896.0,"I",223.0,195.0,true,false,false,false
"CHALLENGER","5ae26d6d-c07a-3d29-ae0f-1ac9ca4a4f4a","RANKED_SOLO_5x5","Varus's Villains","HFLvcDCZz5Ei9k-VxQ4spwR1Otei2b7Olvb4Wf1g_Yg8hzw","moxokx",617.0,"I",175.0,148.0,false,false,true,false
"CHALLENGER","5ae26d6d-c07a-3d29-ae0f-1ac9ca4a4f4a","RANKED_SOLO_5x5","Varus's Villains","a5p39GV8cIuPJoc4BLU4hK_QJEMq8QdAtVQNQjERKvt9FH8u","Goshuujinn",680.0,"I",151.0,126.0,true,false,false,true
"CHALLENGER","5ae26d6d-c07a-3d29-ae0f-1ac9ca4a4f4a","RANKED_SOLO_5x5","Varus's Villains","Tyh6KUdgkRat3irlaFIcnTE9po27oruhtqBfMMDhlImjsaU","Nikola Senpai",597.0,"I",146.0,126.0,false,false,true,false
"CHALLENGER","5ae26d6d-c07a-3d29-ae0f-1ac9ca4a4f4a","RANKED_SOLO_5x5","Varus's Villains","a1EEBA9inlSNHsaGw8Gi-xnMurJWPriCRMqTUU02ta7nN3o7","glflt",963.0,"I",174.0,131.0,true,false,false,false
"CHALLENGER","5ae26d6d-c07a-3d29-ae0f-1ac9ca4a4f4a","RANKED_SOLO_5x5","Varus's Villains","IaSHu2wz63Zcit5TIBqHOs3pdZL_ymz_7yFtAbxd2P9G","ΡSZ",611.0,"I",144.0,120.0,false,false,false,false
"CHALLENGER","5ae26d6d-c07a-3d29-ae0f-1ac9ca4a4f4a","RANKED_SOLO_5x5","Varus's Villains","6ZRTWxJx8V--3j59IJipHisJ-Ij_C-FYxzlxB9_iiMiQNKM","GO toucouille",1329.0,"I",230.0,174.0,true,false,false,false
"CHALLENGER","5ae26d6d-c07a-3d29-ae0f-1ac9ca4a4f4a","RANKED_SOLO_5x5","Varus's Villains","wwdjlDTnCyZ3CN9BdR-aDi3nZYK4jq-SZ5FE5FJOPtsFpi7_","FNC Selfmαde",618.0,"I",159.0,146.0,true,false,false,false
